defteam,score_bucket,qtr,plays,epa_allowed,success_rate_allowed,yards_allowed,td_rate,first_down_rate,pressure_rate,interceptions,sacks,yac_allowed
ARI,Down Big,3.0,80,0.23795477,0.55,6.625,0.075,0.375,0.0375,1.0,2.0,5.892857
ARI,Down Big,4.0,49,-0.00032981075,0.46938777,5.0,0.040816326,0.30612245,0.02040816326530612,0.0,1.0,3.2857144
ARI,Down (7-13),3.0,27,0.032562733,0.4074074,4.888889,0.037037037,0.25925925,0.07407407407407407,0.0,2.0,7.5
ARI,Down (7-13),4.0,58,-0.043149065,0.41379312,5.327586,0.03448276,0.27586207,0.0,0.0,0.0,4.2
ARI,Slight Deficit,3.0,20,-0.2804066,0.35,4.9,0.0,0.2,0.0,1.0,0.0,8.5
ARI,Slight Deficit,4.0,33,-0.1049455,0.45454547,4.757576,0.060606062,0.3030303,0.06060606060606061,1.0,0.0,6.0
ARI,Tied,3.0,23,-0.05144873,0.47826087,5.304348,0.0,0.2173913,0.08695652173913043,0.0,0.0,3.2
ARI,Tied,4.0,16,0.10618774,0.5,6.875,0.0625,0.3125,0.0625,1.0,0.0,3.6
ARI,Tied,5.0,4,,,,,,0.0,0.0,0.0,
ARI,Slight Lead,3.0,24,0.18422563,0.7083333,8.541667,0.083333336,0.5,0.041666666666666664,1.0,0.0,6.1666665
ARI,Slight Lead,4.0,50,0.22292882,0.54,5.9,0.06,0.4,0.1,0.0,1.0,4.85
ARI,Leading (7-13),3.0,37,0.08631118,0.43243244,5.4324327,0.027027028,0.2972973,0.02702702702702703,0.0,1.0,5.8461537
ARI,Leading (7-13),4.0,62,0.111581594,0.516129,5.064516,0.06451613,0.37096775,0.11290322580645161,2.0,4.0,3.15625
ARI,Up Big,3.0,41,0.04293653,0.41463414,5.268293,0.024390243,0.29268292,0.04878048780487805,0.0,1.0,3.2941177
ARI,Up Big,4.0,28,0.5780536,0.75,8.714286,0.10714286,0.53571427,0.07142857142857142,0.0,0.0,3.8823528
ATL,Down Big,3.0,32,0.00711935,0.40625,4.625,0.03125,0.25,0.03125,0.0,1.0,11.25
ATL,Down Big,4.0,46,0.25829878,0.45652175,5.6086955,0.08695652,0.32608697,0.021739130434782608,0.0,0.0,7.25
ATL,Down (7-13),3.0,39,0.0058776047,0.41025642,5.1282053,0.025641026,0.33333334,0.05128205128205128,1.0,2.0,6.1538463
ATL,Down (7-13),4.0,15,-0.25198564,0.46666667,4.4666667,0.0,0.26666668,0.06666666666666667,1.0,1.0,2.5
ATL,Slight Deficit,3.0,13,-0.15271878,0.46153846,5.3076925,0.0,0.30769232,0.07692307692307693,0.0,1.0,4.5
ATL,Slight Deficit,4.0,40,-0.017723527,0.4,3.525,0.05,0.275,0.025,0.0,1.0,5.2222223
ATL,Tied,3.0,23,-0.00033514397,0.3478261,4.347826,0.04347826,0.26086956,0.0,0.0,0.0,3.75
ATL,Tied,4.0,9,,,,,,0.1111111111111111,0.0,1.0,
ATL,Tied,5.0,12,0.5035675,0.5,9.75,0.083333336,0.33333334,0.0,0.0,0.0,26.5
ATL,Slight Lead,3.0,79,-0.07998935,0.36708862,4.987342,0.012658228,0.25316456,0.08860759493670886,0.0,6.0,7.818182
ATL,Slight Lead,4.0,64,-0.076312594,0.40625,5.859375,0.046875,0.25,0.15625,1.0,6.0,5.529412
ATL,Leading (7-13),3.0,54,0.06697763,0.46296296,6.648148,0.037037037,0.2962963,0.09259259259259259,1.0,2.0,4.882353
ATL,Leading (7-13),4.0,77,0.009631145,0.5064935,5.623377,0.038961038,0.3116883,0.05194805194805195,3.0,2.0,3.32
ATL,Up Big,3.0,23,0.51158565,0.6086956,7.826087,0.08695652,0.39130434,0.17391304347826086,0.0,2.0,6.5454545
ATL,Up Big,4.0,36,-0.0915679,0.5555556,5.1944447,0.027777778,0.33333334,0.16666666666666666,2.0,2.0,2.5
BAL,Down Big,3.0,27,0.19782,0.6296296,6.259259,0.037037037,0.33333334,0.037037037037037035,0.0,1.0,5.25
BAL,Down Big,4.0,52,-0.089208916,0.34615386,4.076923,0.03846154,0.23076923,0.057692307692307696,0.0,1.0,2.375
BAL,Down (7-13),3.0,15,0.57658803,0.6666667,9.066667,0.13333334,0.53333336,0.0,0.0,0.0,8.571428
BAL,Down (7-13),4.0,16,0.23525299,0.4375,6.1875,0.0625,0.25,0.0625,0.0,0.0,3.5
BAL,Slight Deficit,3.0,42,0.08685242,0.5,5.6190476,0.071428575,0.26190478,0.07142857142857142,2.0,2.0,6.857143
BAL,Slight Deficit,4.0,26,-0.233658,0.34615386,3.4615386,0.0,0.15384616,0.15384615384615385,0.0,1.0,3.6
BAL,Tied,3.0,28,0.2406636,0.4642857,7.964286,0.035714287,0.2857143,0.07142857142857142,0.0,0.0,5.8
BAL,Tied,4.0,4,,,,,,0.5,0.0,0.0,
BAL,Slight Lead,3.0,11,-0.6778446,0.18181819,4.0,0.0,0.09090909,0.2727272727272727,0.0,1.0,1.0
BAL,Slight Lead,4.0,31,0.57099086,0.61290324,9.580646,0.09677419,0.41935483,0.0,1.0,0.0,5.9444447
BAL,Leading (7-13),3.0,72,0.08955594,0.4722222,6.5277777,0.041666668,0.33333334,0.041666666666666664,1.0,1.0,4.5925927
BAL,Leading (7-13),4.0,62,-0.01401276,0.4516129,6.112903,0.048387095,0.32258064,0.20967741935483872,2.0,2.0,5.869565
BAL,Up Big,3.0,43,-0.013860674,0.37209302,5.139535,0.046511628,0.27906978,0.09302325581395349,0.0,1.0,4.470588
BAL,Up Big,4.0,115,-0.12092707,0.46086955,5.573913,0.052173913,0.29565218,0.13043478260869565,2.0,5.0,4.0816326
BUF,Down Big,3.0,6,,,,,,0.0,0.0,0.0,
BUF,Down Big,4.0,3,,,,,,0.0,0.0,0.0,
BUF,Down (7-13),3.0,31,-0.116360374,0.3548387,5.096774,0.06451613,0.22580644,0.16129032258064516,0.0,4.0,15.666667
BUF,Down (7-13),4.0,47,0.0111148665,0.34042552,5.87234,0.06382979,0.23404256,0.06382978723404255,1.0,0.0,7.5
BUF,Slight Deficit,3.0,34,-0.5592664,0.3529412,3.264706,0.029411765,0.14705883,0.029411764705882353,2.0,1.0,6.3333335
BUF,Slight Deficit,4.0,31,-0.07979319,0.48387095,6.354839,0.09677419,0.3548387,0.12903225806451613,1.0,1.0,4.529412
BUF,Tied,4.0,6,,,,,,0.5,0.0,1.0,
BUF,Slight Lead,3.0,30,0.17206095,0.46666667,5.6,0.06666667,0.36666667,0.0,1.0,0.0,0.5714286
BUF,Slight Lead,4.0,39,-0.3483589,0.30769232,4.769231,0.051282052,0.20512821,0.15384615384615385,1.0,4.0,5.5833335
BUF,Leading (7-13),3.0,51,-0.08624303,0.47058824,4.019608,0.039215688,0.29411766,0.09803921568627451,1.0,1.0,2.8461537
BUF,Leading (7-13),4.0,46,-0.05611999,0.36956522,5.6086955,0.04347826,0.3043478,0.1956521739130435,2.0,3.0,3.8888888
BUF,Up Big,3.0,25,-0.65925115,0.2,3.32,0.0,0.12,0.16,0.0,2.0,3.625
BUF,Up Big,4.0,69,0.14077975,0.44927537,4.1594205,0.057971016,0.33333334,0.14492753623188406,0.0,6.0,4.0
CAR,Down Big,3.0,56,0.37036395,0.42857143,7.535714,0.08928572,0.375,0.017857142857142856,1.0,1.0,10.0
CAR,Down Big,4.0,36,-0.043392316,0.33333334,4.25,0.027777778,0.25,0.027777777777777776,1.0,0.0,1.2222222
CAR,Down (7-13),3.0,18,0.5316712,0.7222222,6.5,0.11111111,0.44444445,0.0,0.0,0.0,6.142857
CAR,Down (7-13),4.0,62,0.12544695,0.43548387,4.854839,0.016129032,0.30645162,0.03225806451612903,0.0,1.0,4.0833335
CAR,Slight Deficit,3.0,38,-0.10481305,0.47368422,4.0263157,0.0,0.18421052,0.05263157894736842,0.0,1.0,3.8888888
CAR,Slight Deficit,4.0,35,-0.35867,0.2857143,3.6857142,0.028571429,0.17142858,0.05714285714285714,0.0,1.0,5.230769
CAR,Tied,3.0,12,-0.016872764,0.41666666,5.25,0.083333336,0.33333334,0.08333333333333333,1.0,0.0,5.5
CAR,Tied,4.0,14,-0.033442907,0.35714287,5.857143,0.0,0.2857143,0.0,0.0,0.0,6.0
CAR,Tied,5.0,3,,,,,,0.0,0.0,0.0,
CAR,Slight Lead,3.0,40,0.056589223,0.475,4.925,0.05,0.275,0.075,1.0,1.0,5.428571
CAR,Slight Lead,4.0,48,0.22433156,0.5,7.1875,0.041666668,0.33333334,0.08333333333333333,1.0,3.0,4.3157897
CAR,Leading (7-13),3.0,36,-0.29469076,0.3611111,4.0,0.027777778,0.2777778,0.1111111111111111,2.0,3.0,2.1818182
CAR,Leading (7-13),4.0,49,0.050015844,0.53061223,5.714286,0.040816326,0.3265306,0.14285714285714285,1.0,4.0,3.9130435
CAR,Up Big,3.0,17,-0.44832447,0.4117647,4.9411764,0.0,0.29411766,0.058823529411764705,1.0,0.0,4.5
CAR,Up Big,4.0,15,-0.24602054,0.46666667,5.3333335,0.0,0.26666668,0.0,0.0,0.0,3.8
CHI,Down Big,3.0,13,0.6383735,0.3846154,14.0,0.07692308,0.3846154,0.07692307692307693,0.0,0.0,16.25
CHI,Down Big,4.0,11,0.368561,0.54545456,5.0,0.18181819,0.27272728,0.0,0.0,0.0,3.3333333
CHI,Down (7-13),3.0,40,-0.044606067,0.375,5.575,0.0,0.3,0.075,0.0,1.0,8.5
CHI,Down (7-13),4.0,33,0.18705802,0.54545456,6.5454545,0.030303031,0.36363637,0.030303030303030304,0.0,1.0,10.428572
CHI,Slight Deficit,3.0,42,0.14018765,0.5714286,7.714286,0.071428575,0.35714287,0.023809523809523808,1.0,1.0,6.1
CHI,Slight Deficit,4.0,48,0.049367588,0.375,5.125,0.0625,0.25,0.0625,0.0,3.0,6.2
CHI,Tied,3.0,8,,,,,,0.0,0.0,0.0,
CHI,Tied,4.0,30,0.13906349,0.5,6.0666666,0.033333335,0.3,0.03333333333333333,1.0,1.0,7.0
CHI,Tied,5.0,6,,,,,,0.3333333333333333,0.0,1.0,
CHI,Slight Lead,3.0,48,-0.13591017,0.47916666,6.5625,0.083333336,0.35416666,0.020833333333333332,1.0,1.0,6.6153846
CHI,Slight Lead,4.0,58,0.09976615,0.4827586,5.793103,0.06896552,0.3275862,0.10344827586206896,1.0,1.0,4.5555553
CHI,Leading (7-13),3.0,45,-0.20530404,0.42222223,4.733333,0.044444446,0.2888889,0.1111111111111111,3.0,2.0,5.230769
CHI,Leading (7-13),4.0,56,0.122336484,0.5535714,5.714286,0.05357143,0.2857143,0.08928571428571429,1.0,2.0,3.6363637
CHI,Up Big,3.0,17,-0.42170528,0.1764706,4.882353,0.0,0.1764706,0.35294117647058826,1.0,1.0,7.25
CHI,Up Big,4.0,72,-0.06152263,0.4722222,5.8333335,0.027777778,0.3472222,0.1111111111111111,5.0,3.0,3.15
CIN,Down Big,3.0,52,0.37977254,0.5769231,8.326923,0.057692308,0.48076922,0.057692307692307696,0.0,2.0,8.294118
CIN,Down Big,4.0,38,-0.11355838,0.36842105,5.5263157,0.02631579,0.2631579,0.02631578947368421,0.0,1.0,9.428572
CIN,Down (7-13),3.0,5,,,,,,0.2,0.0,0.0,
CIN,Down (7-13),4.0,44,0.49824333,0.59090906,8.090909,0.09090909,0.45454547,0.022727272727272728,0.0,1.0,10.875
CIN,Slight Deficit,3.0,56,0.042348273,0.48214287,5.589286,0.0,0.30357143,0.08928571428571429,1.0,3.0,4.631579
CIN,Slight Deficit,4.0,52,-0.038481355,0.42307693,4.5384617,0.03846154,0.23076923,0.17307692307692307,0.0,4.0,6.3333335
CIN,Tied,3.0,12,0.3267641,0.6666667,5.4166665,0.083333336,0.33333334,0.0,0.0,0.0,7.0
CIN,Tied,4.0,8,,,,,,0.0,0.0,0.0,
CIN,Slight Lead,3.0,53,0.2494976,0.6037736,6.8679247,0.056603774,0.3773585,0.03773584905660377,0.0,1.0,7.3636365
CIN,Slight Lead,4.0,53,0.13880447,0.4528302,6.5094337,0.056603774,0.28301886,0.09433962264150944,1.0,3.0,6.5
CIN,Leading (7-13),3.0,44,0.30019233,0.52272725,7.8863635,0.06818182,0.36363637,0.06818181818181818,1.0,1.0,10.833333
CIN,Leading (7-13),4.0,18,0.4073666,0.5555556,8.944445,0.11111111,0.44444445,0.05555555555555555,1.0,0.0,6.0
CIN,Up Big,3.0,21,-0.52891135,0.23809524,3.9047618,0.0,0.1904762,0.19047619047619047,1.0,3.0,8.8
CIN,Up Big,4.0,65,0.17272243,0.44615385,6.584615,0.06153846,0.32307693,0.07692307692307693,0.0,1.0,5.607143
CLE,Down Big,3.0,18,0.2407034,0.5,8.444445,0.11111111,0.3888889,0.05555555555555555,0.0,1.0,4.5
CLE,Down Big,4.0,56,-0.16243114,0.2857143,3.75,0.035714287,0.21428572,0.10714285714285714,0.0,2.0,5.2
CLE,Down (7-13),3.0,50,-0.025407303,0.4,4.84,0.06,0.26,0.18,1.0,4.0,3.1875
CLE,Down (7-13),4.0,40,-0.25850362,0.3,4.425,0.075,0.225,0.05,1.0,1.0,3.3333333
CLE,Slight Deficit,3.0,54,0.35275707,0.537037,6.0555553,0.074074075,0.4074074,0.07407407407407407,0.0,1.0,6.75
CLE,Slight Deficit,4.0,40,-0.60493267,0.15,1.1,0.025,0.1,0.15,0.0,4.0,3.25
CLE,Tied,3.0,12,-0.33330265,0.16666667,2.25,0.0,0.16666667,0.16666666666666666,0.0,1.0,0.0
CLE,Tied,4.0,10,0.8041719,0.5,9.9,0.2,0.3,0.1,0.0,0.0,21.666666
CLE,Slight Lead,3.0,70,-0.09287021,0.42857143,5.0285716,0.028571429,0.24285714,0.1,1.0,4.0,3.7
CLE,Slight Lead,4.0,67,-0.10828136,0.47761193,4.522388,0.029850746,0.2835821,0.13432835820895522,0.0,5.0,4.387097
CLE,Leading (7-13),3.0,18,-1.1043617,0.16666667,2.9444444,0.055555556,0.11111111,0.2777777777777778,1.0,2.0,7.0
CLE,Leading (7-13),4.0,8,,,,,,0.0,0.0,0.0,
CLE,Up Big,3.0,15,-0.31314754,0.26666668,3.6666667,0.0,0.2,0.13333333333333333,0.0,1.0,6.6666665
CLE,Up Big,4.0,37,-0.42047292,0.4054054,4.3783784,0.027027028,0.27027026,0.21621621621621623,2.0,5.0,5.2
DAL,Down Big,3.0,24,-0.37097123,0.375,4.4166665,0.0,0.20833333,0.20833333333333334,0.0,1.0,8.0
DAL,Down Big,4.0,35,-0.12922145,0.37142858,3.1714287,0.028571429,0.2,0.02857142857142857,0.0,1.0,3.6666667
DAL,Down (7-13),3.0,55,0.3229084,0.6,6.2181816,0.054545455,0.38181818,0.03636363636363636,0.0,0.0,5.4
DAL,Down (7-13),4.0,70,0.1921689,0.45714286,5.857143,0.057142857,0.3,0.1,0.0,3.0,4.45
DAL,Slight Deficit,3.0,37,-0.05224313,0.43243244,5.4864864,0.027027028,0.3243243,0.1891891891891892,0.0,2.0,4.5454545
DAL,Slight Deficit,4.0,27,0.22108565,0.4814815,5.4444447,0.074074075,0.37037036,0.037037037037037035,0.0,0.0,5.6
DAL,Tied,4.0,26,-0.10091542,0.42307693,5.0,0.0,0.30769232,0.07692307692307693,0.0,1.0,5.090909
DAL,Tied,5.0,6,,,,,,0.16666666666666666,1.0,1.0,
DAL,Slight Lead,3.0,53,0.3422388,0.49056605,7.981132,0.056603774,0.33962265,0.11320754716981132,0.0,0.0,9.055555
DAL,Slight Lead,4.0,44,0.73524666,0.59090906,8.25,0.1590909,0.47727272,0.045454545454545456,0.0,0.0,5.1875
DAL,Slight Lead,5.0,12,0.1665357,0.5833333,5.3333335,0.0,0.33333334,0.0,0.0,0.0,2.6666667
DAL,Leading (7-13),3.0,16,-0.16821952,0.375,4.5,0.0,0.3125,0.1875,0.0,2.0,2.5
DAL,Leading (7-13),4.0,18,0.15282959,0.5555556,6.9444447,0.055555556,0.33333334,0.16666666666666666,0.0,1.0,4.1
DAL,Up Big,3.0,45,-0.17102467,0.44444445,6.1555557,0.06666667,0.26666668,0.08888888888888889,1.0,2.0,4.2777777
DAL,Up Big,4.0,44,0.059851136,0.5,5.1136365,0.06818182,0.3181818,0.20454545454545456,0.0,3.0,4.5454545
DEN,Down Big,3.0,12,-0.24848486,0.33333334,3.4166667,0.0,0.16666667,0.16666666666666666,0.0,1.0,10.0
DEN,Down Big,4.0,17,-0.47317448,0.11764706,1.8235294,0.0,0.11764706,0.29411764705882354,0.0,2.0,1.0
DEN,Down (7-13),3.0,32,0.3009568,0.4375,8.0625,0.09375,0.28125,0.125,1.0,2.0,14.6
DEN,Down (7-13),4.0,12,-0.065627776,0.33333334,6.75,0.083333336,0.25,0.08333333333333333,1.0,1.0,13.0
DEN,Slight Deficit,3.0,25,-0.34793174,0.16,3.2,0.04,0.16,0.2,0.0,4.0,2.1666667
DEN,Slight Deficit,4.0,11,-0.26134804,0.27272728,3.1818182,0.0,0.09090909,0.0,0.0,0.0,4.5
DEN,Tied,3.0,25,-0.4356609,0.36,4.44,0.04,0.28,0.04,2.0,0.0,5.625
DEN,Tied,4.0,25,-0.33520374,0.32,3.2,0.0,0.16,0.12,0.0,1.0,2.6666667
DEN,Slight Lead,3.0,49,-0.08509537,0.40816328,3.9387755,0.020408163,0.24489796,0.14285714285714285,0.0,2.0,3.5
DEN,Slight Lead,4.0,113,-0.157939,0.30973452,3.902655,0.017699115,0.2300885,0.1415929203539823,0.0,9.0,3.2903225
DEN,Slight Lead,5.0,1,,,,,,0.0,0.0,0.0,
DEN,Leading (7-13),3.0,51,-0.11145487,0.33333334,3.8823528,0.019607844,0.23529412,0.13725490196078433,0.0,2.0,5.125
DEN,Leading (7-13),4.0,58,-0.3340775,0.29310346,3.8275862,0.01724138,0.20689656,0.29310344827586204,1.0,6.0,3.8636363
DEN,Leading (7-13),5.0,11,0.38343403,0.36363637,6.3636365,0.09090909,0.27272728,0.09090909090909091,0.0,0.0,3.6666667
DEN,Up Big,3.0,32,0.13595177,0.4375,5.15625,0.03125,0.28125,0.15625,0.0,1.0,3.3076923
DEN,Up Big,4.0,45,-0.04821278,0.4,5.6444445,0.044444446,0.31111112,0.08888888888888889,1.0,3.0,2.8947368
DET,Down Big,4.0,4,,,,,,0.0,0.0,0.0,
DET,Down (7-13),3.0,27,-0.26577336,0.2962963,4.259259,0.0,0.14814815,0.1111111111111111,0.0,1.0,4.6666665
DET,Down (7-13),4.0,77,-0.08839589,0.4025974,4.5064936,0.025974026,0.23376623,0.05194805194805195,0.0,3.0,3.9230769
DET,Slight Deficit,3.0,67,0.32366207,0.53731346,7.358209,0.07462686,0.35820895,0.014925373134328358,0.0,0.0,7.0434785
DET,Slight Deficit,4.0,53,0.28274125,0.49056605,8.830189,0.094339624,0.3773585,0.07547169811320754,1.0,1.0,5.9166665
DET,Tied,3.0,34,-0.08947819,0.4117647,4.7647057,0.029411765,0.29411766,0.11764705882352941,0.0,4.0,3.5833333
DET,Tied,4.0,4,,,,,,0.25,0.0,0.0,
DET,Slight Lead,3.0,10,0.5221025,0.7,8.8,0.1,0.4,0.1,0.0,0.0,3.0
DET,Slight Lead,4.0,3,,,,,,0.0,0.0,0.0,
DET,Leading (7-13),3.0,63,-0.291778,0.41269842,4.6031747,0.015873017,0.22222222,0.12698412698412698,3.0,2.0,4.9375
DET,Leading (7-13),4.0,51,0.072349794,0.4509804,5.509804,0.039215688,0.33333334,0.17647058823529413,0.0,5.0,4.4761906
DET,Leading (7-13),5.0,12,-0.12869863,0.33333334,3.25,0.0,0.25,0.16666666666666666,0.0,1.0,2.3333333
DET,Up Big,3.0,52,-0.04120046,0.32692307,4.8846154,0.03846154,0.26923078,0.09615384615384616,0.0,3.0,3.357143
DET,Up Big,4.0,97,0.09004534,0.371134,6.0515466,0.072164945,0.30927834,0.1958762886597938,1.0,8.0,5.263158
GB,Down (7-13),3.0,20,-0.5976599,0.3,2.55,0.0,0.15,0.1,0.0,2.0,3.5714285
GB,Down (7-13),4.0,37,-0.22544034,0.3243243,4.9459457,0.027027028,0.27027026,0.05405405405405406,0.0,1.0,6.142857
GB,Slight Deficit,3.0,33,-0.09418324,0.3939394,4.5757575,0.030303031,0.27272728,0.06060606060606061,0.0,0.0,6.75
GB,Slight Deficit,4.0,39,0.14517881,0.35897437,6.025641,0.07692308,0.2820513,0.05128205128205128,0.0,0.0,7.3333335
GB,Tied,3.0,18,0.38513425,0.5555556,6.6666665,0.055555556,0.3888889,0.05555555555555555,0.0,1.0,3.4285715
GB,Tied,4.0,21,0.011764802,0.42857143,3.3333333,0.0,0.33333334,0.09523809523809523,0.0,1.0,2.0
GB,Tied,5.0,13,0.555163,0.3846154,10.769231,0.07692308,0.3846154,0.23076923076923078,0.0,1.0,0.6
GB,Slight Lead,3.0,60,0.016697649,0.41666666,4.8166666,0.033333335,0.3,0.1,0.0,2.0,5.85
GB,Slight Lead,4.0,43,0.35262048,0.60465115,5.627907,0.069767445,0.3488372,0.16279069767441862,0.0,2.0,5.75
GB,Leading (7-13),3.0,78,0.13904409,0.4871795,5.25641,0.051282052,0.34615386,0.11538461538461539,0.0,6.0,3.2
GB,Leading (7-13),4.0,123,-0.053767305,0.40650406,4.8292685,0.024390243,0.2601626,0.11382113821138211,2.0,5.0,4.133333
GB,Up Big,3.0,19,-0.15607989,0.36842105,4.1578946,0.0,0.15789473,0.15789473684210525,0.0,1.0,4.375
GB,Up Big,4.0,62,0.07785657,0.516129,4.887097,0.08064516,0.32258064,0.1935483870967742,2.0,4.0,3.264706
HOU,Down Big,3.0,1,,,,,,0.0,0.0,0.0,
HOU,Down Big,4.0,12,-0.95314115,0.16666667,3.3333333,0.0,0.083333336,0.08333333333333333,1.0,1.0,9.5
HOU,Down (7-13),3.0,38,-0.031532537,0.34210527,5.0263157,0.078947365,0.28947368,0.02631578947368421,0.0,1.0,7.0
HOU,Down (7-13),4.0,12,-0.794554,0.16666667,0.75,0.0,0.083333336,0.08333333333333333,1.0,1.0,5.0
HOU,Slight Deficit,3.0,54,-0.21233426,0.37037036,4.4259257,0.0,0.22222222,0.1111111111111111,0.0,4.0,3.857143
HOU,Slight Deficit,4.0,36,-0.37109292,0.41666666,4.2222223,0.0,0.19444445,0.1388888888888889,1.0,4.0,5.6
HOU,Tied,3.0,2,,,,,,0.0,0.0,0.0,
HOU,Tied,4.0,38,-0.16878778,0.34210527,5.2894735,0.02631579,0.23684211,0.02631578947368421,1.0,0.0,8.333333
HOU,Slight Lead,3.0,71,0.03780604,0.35211268,6.084507,0.04225352,0.26760563,0.08450704225352113,0.0,3.0,6.56
HOU,Slight Lead,4.0,57,-0.25479877,0.47368422,4.6491227,0.05263158,0.2982456,0.15789473684210525,1.0,5.0,6.111111
HOU,Leading (7-13),3.0,36,-0.14051262,0.3611111,3.8611112,0.055555556,0.19444445,0.16666666666666666,0.0,3.0,2.2
HOU,Leading (7-13),4.0,93,-0.083869115,0.40860215,5.7311826,0.043010753,0.24731183,0.12903225806451613,3.0,6.0,4.394737
HOU,Up Big,3.0,54,0.23115003,0.5185185,6.648148,0.074074075,0.4074074,0.05555555555555555,2.0,1.0,6.1904764
HOU,Up Big,4.0,34,-0.41115314,0.4117647,3.4411764,0.029411765,0.23529412,0.08823529411764706,2.0,2.0,4.5
IND,Down Big,3.0,13,0.02842514,0.3846154,4.6153846,0.0,0.23076923,0.0,0.0,0.0,6.0
IND,Down Big,4.0,27,-0.46331733,0.18518518,2.9629629,0.0,0.14814815,0.0,1.0,0.0,5.1
IND,Down (7-13),3.0,25,0.39652523,0.56,7.64,0.04,0.44,0.0,0.0,0.0,5.0
IND,Down (7-13),4.0,19,0.08568722,0.42105263,4.631579,0.10526316,0.31578946,0.05263157894736842,0.0,1.0,4.0
IND,Slight Deficit,3.0,51,-0.08247627,0.4117647,4.72549,0.019607844,0.25490198,0.09803921568627451,0.0,2.0,4.625
IND,Slight Deficit,4.0,40,-0.20516816,0.4,4.45,0.0,0.2,0.0,1.0,0.0,7.8333335
IND,Tied,3.0,12,0.5860923,0.5833333,8.0,0.083333336,0.5,0.16666666666666666,0.0,0.0,2.1666667
IND,Tied,4.0,29,0.11552132,0.31034482,6.793103,0.06896552,0.2413793,0.13793103448275862,0.0,0.0,15.0
IND,Tied,5.0,16,-0.12628971,0.3125,4.25,0.0,0.25,0.125,0.0,1.0,5.5
IND,Slight Lead,3.0,56,0.14084002,0.5,6.178571,0.035714287,0.3392857,0.07142857142857142,0.0,0.0,5.6875
IND,Slight Lead,4.0,64,-0.0065084803,0.46875,6.0625,0.015625,0.328125,0.078125,0.0,3.0,6.3636365
IND,Leading (7-13),3.0,23,0.03425851,0.4347826,6.2608695,0.0,0.3043478,0.043478260869565216,0.0,0.0,7.0
IND,Leading (7-13),4.0,24,0.3190154,0.625,6.5,0.083333336,0.41666666,0.125,0.0,1.0,6.5384617
IND,Up Big,3.0,78,-0.15273878,0.44871795,5.6153846,0.03846154,0.26923078,0.07692307692307693,2.0,2.0,4.7714286
IND,Up Big,4.0,107,0.06438767,0.47663552,4.1682243,0.037383176,0.2990654,0.14953271028037382,1.0,8.0,4.0930233
JAX,Down Big,3.0,19,-0.5851852,0.21052632,2.7368422,0.0,0.05263158,0.21052631578947367,0.0,0.0,1.0
JAX,Down Big,4.0,15,0.31175038,0.4,5.133333,0.13333334,0.26666668,0.0,0.0,0.0,3.25
JAX,Down (7-13),3.0,11,0.4109396,0.6363636,7.7272725,0.09090909,0.36363637,0.0,0.0,0.0,4.8
JAX,Down (7-13),4.0,14,-0.27217817,0.2857143,5.714286,0.0,0.14285715,0.21428571428571427,0.0,1.0,11.0
JAX,Slight Deficit,3.0,10,-1.0598986,0.2,2.6,0.0,0.1,0.1,1.0,0.0,2.5
JAX,Slight Deficit,4.0,1,,,,,,0.0,0.0,0.0,
JAX,Tied,3.0,24,-0.61816746,0.41666666,4.2916665,0.041666668,0.33333334,0.08333333333333333,2.0,1.0,5.6666665
JAX,Tied,4.0,10,-0.9506706,0.3,4.0,0.0,0.1,0.2,1.0,1.0,5.75
JAX,Slight Lead,3.0,18,-0.62168247,0.22222222,0.6111111,0.055555556,0.16666667,0.1111111111111111,1.0,2.0,0.5
JAX,Slight Lead,4.0,95,0.098120295,0.50526315,5.6210527,0.06315789,0.35789475,0.09473684210526316,2.0,3.0,5.74359
JAX,Slight Lead,5.0,9,,,,,,0.1111111111111111,0.0,1.0,
JAX,Leading (7-13),3.0,49,0.23658583,0.48979592,7.2244897,0.08163265,0.3469388,0.04081632653061224,0.0,1.0,4.1
JAX,Leading (7-13),4.0,37,0.20226197,0.4864865,8.081081,0.10810811,0.35135135,0.02702702702702703,2.0,0.0,6.5882354
JAX,Leading (7-13),5.0,8,,,,,,0.125,0.0,1.0,
JAX,Up Big,3.0,71,-0.39641273,0.26760563,3.5211267,0.0,0.15492958,0.08450704225352113,0.0,3.0,2.16
JAX,Up Big,4.0,139,-0.25862843,0.38848922,4.244604,0.02877698,0.2589928,0.11510791366906475,6.0,6.0,3.5344827
KC,Down Big,4.0,13,0.28435823,0.53846157,5.8461537,0.0,0.30769232,0.0,0.0,0.0,5.3333335
KC,Down (7-13),3.0,40,-0.11535376,0.35,5.025,0.025,0.25,0.15,0.0,0.0,6.8
KC,Down (7-13),4.0,48,-0.17117287,0.33333334,4.2291665,0.020833334,0.20833333,0.10416666666666667,1.0,2.0,4.4444447
KC,Slight Deficit,3.0,54,0.059393123,0.4814815,6.0555553,0.037037037,0.2777778,0.09259259259259259,0.0,2.0,3.8235295
KC,Slight Deficit,4.0,70,0.0066383667,0.47142857,4.1714287,0.028571429,0.2857143,0.07142857142857142,0.0,3.0,5.2727275
KC,Tied,3.0,34,0.1573958,0.44117647,6.5588236,0.029411765,0.29411766,0.11764705882352941,0.0,1.0,6.7
KC,Tied,4.0,49,0.05328789,0.4489796,4.142857,0.040816326,0.2857143,0.10204081632653061,0.0,1.0,2.6875
KC,Tied,5.0,3,,,,,,0.0,0.0,0.0,
KC,Slight Lead,3.0,24,0.3842236,0.6666667,6.375,0.041666668,0.375,0.08333333333333333,0.0,1.0,4.7
KC,Slight Lead,4.0,27,0.21202575,0.4814815,6.7777777,0.074074075,0.2962963,0.14814814814814814,0.0,1.0,6.181818
KC,Leading (7-13),3.0,32,0.2861398,0.625,8.0,0.03125,0.46875,0.03125,0.0,1.0,7.3125
KC,Leading (7-13),4.0,34,-0.3122815,0.4117647,3.8235295,0.029411765,0.1764706,0.2647058823529412,0.0,2.0,3.0
KC,Up Big,3.0,22,-0.3406375,0.18181819,4.3636365,0.0,0.18181819,0.13636363636363635,0.0,3.0,4.3636365
KC,Up Big,4.0,32,-0.4058013,0.34375,5.25,0.03125,0.1875,0.125,1.0,0.0,4.5
LA,Down Big,3.0,10,0.0882674,0.5,7.6,0.0,0.3,0.0,0.0,0.0,6.25
LA,Down (7-13),3.0,12,-0.036180664,0.5,5.0,0.0,0.33333334,0.25,0.0,0.0,3.0
LA,Down (7-13),4.0,6,,,,,,0.0,0.0,0.0,
LA,Slight Deficit,3.0,19,0.1888669,0.57894737,4.7894735,0.0,0.2631579,0.0,0.0,0.0,1.8333334
LA,Slight Deficit,4.0,13,-0.75477064,0.07692308,1.3076923,0.0,0.07692308,0.07692307692307693,0.0,1.0,1.5
LA,Tied,3.0,10,-0.13331668,0.3,3.5,0.0,0.3,0.1,0.0,1.0,3.5
LA,Tied,4.0,36,-0.17940485,0.25,3.25,0.0,0.19444445,0.25,0.0,3.0,5.3636365
LA,Tied,5.0,7,,,,,,0.2857142857142857,0.0,1.0,
LA,Slight Lead,3.0,79,-0.19736785,0.39240506,6.202532,0.03797468,0.278481,0.11392405063291139,4.0,2.0,6.821429
LA,Slight Lead,4.0,60,0.02584997,0.45,5.133333,0.05,0.3,0.1,0.0,3.0,4.5384617
LA,Slight Lead,5.0,1,,,,,,0.0,0.0,0.0,
LA,Leading (7-13),3.0,28,-0.017005792,0.42857143,6.964286,0.071428575,0.32142857,0.07142857142857142,0.0,2.0,3.7692308
LA,Leading (7-13),4.0,43,-0.06689127,0.44186047,6.1860466,0.046511628,0.30232558,0.13953488372093023,2.0,0.0,4.0
LA,Leading (7-13),5.0,9,,,,,,0.0,0.0,0.0,
LA,Up Big,3.0,85,-0.24358143,0.4,4.788235,0.023529412,0.25882354,0.08235294117647059,1.0,3.0,4.6666665
LA,Up Big,4.0,149,-0.037238415,0.47651008,5.456376,0.033557046,0.32214764,0.174496644295302,3.0,10.0,3.6911764
LAC,Down Big,3.0,16,0.5796416,0.625,8.1875,0.0625,0.5,0.0625,0.0,0.0,5.6666665
LAC,Down Big,4.0,27,-0.06088915,0.4074074,4.4074073,0.074074075,0.2962963,0.07407407407407407,0.0,0.0,1.5
LAC,Down (7-13),3.0,47,0.015439293,0.42553192,5.5319147,0.04255319,0.25531915,0.02127659574468085,0.0,1.0,7.857143
LAC,Down (7-13),4.0,41,-0.11326267,0.4390244,4.5365853,0.024390243,0.2195122,0.0975609756097561,0.0,2.0,9.8
LAC,Slight Deficit,3.0,26,-0.3423235,0.30769232,2.5,0.03846154,0.1923077,0.15384615384615385,0.0,2.0,7.0
LAC,Slight Deficit,4.0,33,-0.297439,0.42424244,4.757576,0.0,0.24242425,0.030303030303030304,1.0,1.0,7.125
LAC,Tied,3.0,13,-0.080354705,0.3846154,4.6153846,0.07692308,0.30769232,0.07692307692307693,0.0,1.0,14.0
LAC,Tied,4.0,13,-0.33209595,0.15384616,2.9230769,0.0,0.15384616,0.15384615384615385,0.0,1.0,9.0
LAC,Slight Lead,3.0,21,0.0053559314,0.47619048,7.047619,0.04761905,0.33333334,0.047619047619047616,1.0,0.0,5.0
LAC,Slight Lead,4.0,35,0.29237878,0.54285717,6.885714,0.057142857,0.37142858,0.08571428571428572,3.0,2.0,4.7647057
LAC,Slight Lead,5.0,9,,,,,,0.1111111111111111,1.0,0.0,
LAC,Leading (7-13),3.0,49,-0.13217232,0.42857143,4.9183674,0.020408163,0.24489796,0.10204081632653061,0.0,4.0,4.733333
LAC,Leading (7-13),4.0,60,-0.20013641,0.33333334,4.7166667,0.033333335,0.26666668,0.15,1.0,4.0,7.6666665
LAC,Up Big,3.0,28,-0.21143031,0.35714287,3.0,0.035714287,0.25,0.10714285714285714,0.0,2.0,7.5
LAC,Up Big,4.0,48,-0.41665113,0.4375,4.5208335,0.041666668,0.27083334,0.10416666666666667,2.0,1.0,5.185185
LV,Down Big,3.0,82,0.43213862,0.6097561,7.1463413,0.085365854,0.42682928,0.036585365853658534,0.0,1.0,6.0384617
LV,Down Big,4.0,109,-0.07277553,0.42201835,4.40367,0.027522936,0.25688073,0.05504587155963303,0.0,2.0,7.0384617
LV,Down (7-13),3.0,49,0.15868771,0.42857143,5.408163,0.040816326,0.30612245,0.10204081632653061,0.0,3.0,5.5263157
LV,Down (7-13),4.0,44,-0.0711657,0.4318182,4.340909,0.045454547,0.29545453,0.045454545454545456,0.0,1.0,6.7777777
LV,Slight Deficit,3.0,9,,,,,,0.1111111111111111,1.0,0.0,
LV,Slight Deficit,4.0,34,-0.068699546,0.47058824,5.0588236,0.029411765,0.29411766,0.0,1.0,0.0,3.25
LV,Tied,3.0,22,-0.15087275,0.45454547,5.4545455,0.045454547,0.18181819,0.09090909090909091,0.0,1.0,5.2
LV,Tied,5.0,10,0.3815445,0.7,4.4,0.1,0.5,0.1,0.0,0.0,0.0
LV,Slight Lead,3.0,53,-0.06813787,0.41509435,4.207547,0.018867925,0.2264151,0.07547169811320754,0.0,3.0,4.4117646
LV,Slight Lead,4.0,52,0.09038362,0.42307693,4.9615383,0.057692308,0.30769232,0.1346153846153846,0.0,4.0,5.266667
LV,Leading (7-13),3.0,3,,,,,,0.3333333333333333,0.0,0.0,
LV,Leading (7-13),4.0,24,-0.20931025,0.375,4.5416665,0.0,0.29166666,0.25,0.0,4.0,4.8333335
LV,Up Big,3.0,7,,,,,,0.14285714285714285,0.0,1.0,
LV,Up Big,4.0,15,-0.07878273,0.46666667,4.2,0.06666667,0.26666668,0.06666666666666667,0.0,0.0,3.3
MIA,Down Big,3.0,50,0.5032055,0.62,8.92,0.06,0.42,0.06,0.0,0.0,5.1875
MIA,Down Big,4.0,69,-0.039311092,0.33333334,4.289855,0.072463766,0.26086956,0.043478260869565216,0.0,2.0,5.7777777
MIA,Down (7-13),3.0,49,0.38533592,0.5102041,6.877551,0.08163265,0.36734694,0.02040816326530612,0.0,0.0,6.428571
MIA,Down (7-13),4.0,12,-0.21169417,0.33333334,4.75,0.0,0.16666667,0.08333333333333333,0.0,1.0,23.0
MIA,Slight Deficit,3.0,17,0.77964824,0.7647059,8.470589,0.1764706,0.47058824,0.0,0.0,0.0,5.142857
MIA,Slight Deficit,4.0,15,-0.26338395,0.2,3.1333334,0.0,0.13333334,0.06666666666666667,0.0,0.0,7.6
MIA,Tied,3.0,14,0.77056545,0.78571427,9.142858,0.14285715,0.5714286,0.14285714285714285,0.0,1.0,10.0
MIA,Tied,4.0,27,0.07653665,0.4814815,6.5925927,0.037037037,0.2962963,0.037037037037037035,0.0,0.0,7.714286
MIA,Tied,5.0,1,,,,,,1.0,1.0,0.0,
MIA,Slight Lead,3.0,31,0.32757,0.5483871,6.677419,0.06451613,0.3548387,0.06451612903225806,0.0,2.0,6.0
MIA,Slight Lead,4.0,30,0.24856888,0.46666667,7.233333,0.06666667,0.36666667,0.06666666666666667,0.0,0.0,8.777778
MIA,Leading (7-13),3.0,29,0.045974217,0.44827586,5.206897,0.0,0.27586207,0.13793103448275862,0.0,3.0,3.375
MIA,Leading (7-13),4.0,50,-0.003271613,0.56,6.92,0.04,0.32,0.06,1.0,2.0,6.793103
MIA,Up Big,3.0,62,-0.009235276,0.5,6.16129,0.032258064,0.33870968,0.04838709677419355,1.0,2.0,4.6666665
MIA,Up Big,4.0,69,0.12249856,0.49275362,6.2028985,0.057971016,0.3478261,0.13043478260869565,1.0,5.0,3.3636363
MIN,Down Big,3.0,28,0.016751258,0.60714287,6.178571,0.0,0.35714287,0.03571428571428571,1.0,0.0,9.857142
MIN,Down Big,4.0,52,-0.14074028,0.30769232,3.1538463,0.03846154,0.21153846,0.07692307692307693,0.0,2.0,4.0
MIN,Down (7-13),3.0,62,0.014328588,0.46774194,5.274194,0.016129032,0.33870968,0.0,0.0,0.0,4.7647057
MIN,Down (7-13),4.0,35,-0.03718127,0.42857143,4.6,0.028571429,0.2857143,0.08571428571428572,0.0,2.0,7.5
MIN,Slight Deficit,3.0,55,0.24323349,0.5272727,6.8727274,0.054545455,0.3272727,0.07272727272727272,0.0,1.0,5.8235292
MIN,Slight Deficit,4.0,59,-0.09604651,0.40677965,4.2881355,0.033898305,0.23728813,0.06779661016949153,0.0,3.0,7.111111
MIN,Tied,3.0,14,-0.34291384,0.2857143,4.357143,0.0,0.21428572,0.21428571428571427,1.0,1.0,9.0
MIN,Slight Lead,3.0,42,-0.10827788,0.3809524,5.0,0.023809524,0.26190478,0.09523809523809523,1.0,1.0,7.3333335
MIN,Slight Lead,4.0,40,-0.49453944,0.3,3.45,0.0,0.2,0.15,0.0,4.0,4.3
MIN,Leading (7-13),3.0,25,-0.024130363,0.48,4.48,0.0,0.32,0.16,0.0,4.0,4.1666665
MIN,Leading (7-13),4.0,44,-0.021405587,0.38636363,7.068182,0.045454547,0.3409091,0.11363636363636363,0.0,2.0,4.65
MIN,Up Big,3.0,28,-0.7798757,0.2857143,2.892857,0.0,0.10714286,0.10714285714285714,3.0,3.0,4.6
MIN,Up Big,4.0,30,-0.16842198,0.5,4.7,0.033333335,0.26666668,0.06666666666666667,0.0,2.0,4.5
NE,Down (7-13),3.0,9,,,,,,0.2222222222222222,1.0,0.0,
NE,Down (7-13),4.0,17,0.10085098,0.3529412,5.7058825,0.0,0.23529412,0.11764705882352941,0.0,0.0,2.6
NE,Slight Deficit,3.0,20,0.12693393,0.45,6.9,0.0,0.3,0.15,0.0,2.0,6.9
NE,Slight Deficit,4.0,16,-0.01729709,0.3125,4.125,0.0625,0.25,0.125,0.0,0.0,0.5
NE,Tied,3.0,5,,,,,,0.2,0.0,1.0,
NE,Tied,4.0,14,0.10562229,0.5,5.071429,0.071428575,0.2857143,0.07142857142857142,0.0,0.0,7.4
NE,Slight Lead,3.0,51,0.29907155,0.5294118,7.1568627,0.05882353,0.3529412,0.0196078431372549,1.0,0.0,5.1
NE,Slight Lead,4.0,91,-0.117624365,0.41758242,5.076923,0.021978023,0.2857143,0.14285714285714285,1.0,5.0,4.2894735
NE,Leading (7-13),3.0,64,-0.20779863,0.453125,4.5625,0.046875,0.296875,0.078125,2.0,1.0,4.904762
NE,Leading (7-13),4.0,58,0.11485737,0.4827586,5.275862,0.06896552,0.36206895,0.10344827586206896,0.0,3.0,2.9565217
NE,Up Big,3.0,82,-0.18692407,0.4390244,3.9756098,0.024390243,0.24390244,0.0975609756097561,1.0,4.0,3.4482758
NE,Up Big,4.0,103,-0.08826047,0.407767,5.067961,0.03883495,0.27184466,0.11650485436893204,1.0,4.0,4.840909
NO,Down Big,3.0,24,0.13332553,0.5,5.4166665,0.0,0.41666666,0.08333333333333333,0.0,0.0,4.2
NO,Down Big,4.0,48,-0.35275117,0.3125,3.0,0.020833334,0.1875,0.0,0.0,0.0,7.25
NO,Down (7-13),3.0,60,-0.10522694,0.38333333,4.5333333,0.016666668,0.23333333,0.08333333333333333,0.0,4.0,4.0555553
NO,Down (7-13),4.0,71,-0.1588881,0.32394367,4.0140843,0.0,0.23943663,0.09859154929577464,0.0,4.0,4.428571
NO,Slight Deficit,3.0,77,0.30941635,0.5194805,7.818182,0.038961038,0.42857143,0.03896103896103896,1.0,1.0,5.888889
NO,Slight Deficit,4.0,66,-0.031138565,0.3181818,5.378788,0.045454547,0.24242425,0.09090909090909091,0.0,3.0,5.6190476
NO,Tied,3.0,3,,,,,,0.0,0.0,0.0,
NO,Tied,4.0,10,-0.62523097,0.1,2.2,0.0,0.1,0.1,0.0,1.0,0.0
NO,Slight Lead,3.0,51,-0.112897985,0.50980395,4.392157,0.019607844,0.3137255,0.0784313725490196,0.0,3.0,4.647059
NO,Slight Lead,4.0,11,-2.0416033,0.09090909,-0.54545456,0.09090909,0.0,0.2727272727272727,1.0,1.0,-4.0
NO,Leading (7-13),3.0,1,,,,,,0.0,0.0,0.0,
NO,Leading (7-13),4.0,62,-0.4259318,0.32258064,3.516129,0.0,0.19354838,0.11290322580645161,3.0,2.0,4.2173915
NO,Up Big,4.0,15,-0.37702167,0.2,2.4666667,0.0,0.13333334,0.26666666666666666,0.0,3.0,4.428571
NYG,Down Big,3.0,12,-0.035928156,0.33333334,2.9166667,0.0,0.25,0.0,0.0,0.0,1.6666666
NYG,Down Big,4.0,37,0.10761545,0.5675676,7.4054055,0.027027028,0.4054054,0.10810810810810811,0.0,3.0,9.0
NYG,Down (7-13),3.0,55,-0.051529825,0.45454547,4.890909,0.0,0.23636363,0.05454545454545454,0.0,1.0,3.142857
NYG,Down (7-13),4.0,64,0.39853525,0.546875,7.546875,0.09375,0.390625,0.0625,0.0,2.0,8.214286
NYG,Slight Deficit,3.0,41,0.1359712,0.46341464,5.487805,0.024390243,0.29268292,0.024390243902439025,0.0,0.0,2.9444444
NYG,Slight Deficit,4.0,5,,,,,,0.0,0.0,0.0,
NYG,Tied,3.0,6,,,,,,0.16666666666666666,0.0,0.0,
NYG,Tied,4.0,13,0.07678175,0.3846154,3.6153846,0.0,0.30769232,0.15384615384615385,0.0,1.0,5.3333335
NYG,Tied,5.0,13,0.27172533,0.53846157,11.538462,0.07692308,0.3846154,0.15384615384615385,0.0,1.0,6.0
NYG,Slight Lead,3.0,40,-0.32141644,0.375,5.375,0.025,0.225,0.075,3.0,1.0,6.3076925
NYG,Slight Lead,4.0,69,0.38699892,0.5362319,7.4492755,0.072463766,0.3768116,0.14492753623188406,0.0,1.0,2.935484
NYG,Leading (7-13),3.0,30,-0.13107075,0.33333334,5.266667,0.033333335,0.26666668,0.03333333333333333,0.0,1.0,2.5555556
NYG,Leading (7-13),4.0,28,-0.026113084,0.53571427,8.142858,0.10714286,0.35714287,0.10714285714285714,2.0,0.0,4.3333335
NYG,Up Big,3.0,39,0.20501383,0.43589744,5.974359,0.025641026,0.33333334,0.10256410256410256,0.0,1.0,6.8461537
NYG,Up Big,4.0,41,-0.014102915,0.4390244,5.756098,0.07317073,0.31707317,0.07317073170731707,1.0,2.0,4.631579
NYJ,Down Big,3.0,110,0.16983508,0.4909091,5.9454546,0.036363635,0.33636364,0.01818181818181818,0.0,1.0,5.8846154
NYJ,Down Big,4.0,68,0.052461207,0.45588234,5.2941175,0.0882353,0.32352942,0.029411764705882353,0.0,1.0,9.416667
NYJ,Down (7-13),3.0,54,0.22175992,0.4074074,5.6296296,0.074074075,0.35185185,0.09259259259259259,0.0,1.0,3.8
NYJ,Down (7-13),4.0,85,-0.04629133,0.3764706,5.317647,0.011764706,0.29411766,0.08235294117647059,0.0,3.0,4.6190476
NYJ,Slight Deficit,3.0,25,0.09301782,0.36,4.84,0.08,0.32,0.04,0.0,1.0,7.75
NYJ,Slight Deficit,4.0,14,-0.4399216,0.071428575,2.4285715,0.0,0.071428575,0.14285714285714285,0.0,2.0,
NYJ,Tied,3.0,30,0.16214485,0.43333334,6.3333335,0.033333335,0.33333334,0.1,0.0,1.0,12.666667
NYJ,Tied,4.0,14,0.27610305,0.35714287,5.357143,0.071428575,0.2857143,0.14285714285714285,0.0,0.0,17.0
NYJ,Slight Lead,3.0,22,-0.17916189,0.3181818,3.0,0.045454547,0.18181819,0.09090909090909091,0.0,1.0,2.3333333
NYJ,Slight Lead,4.0,35,-0.085815236,0.34285715,4.742857,0.028571429,0.2857143,0.05714285714285714,0.0,1.0,5.3076925
NYJ,Leading (7-13),3.0,8,,,,,,0.0,0.0,0.0,
NYJ,Leading (7-13),4.0,17,-0.04345356,0.4117647,4.647059,0.05882353,0.29411766,0.11764705882352941,0.0,2.0,1.5
PHI,Down Big,4.0,9,,,,,,0.0,0.0,0.0,
PHI,Down (7-13),3.0,21,-0.118116535,0.42857143,5.0,0.04761905,0.23809524,0.23809523809523808,0.0,3.0,6.3333335
PHI,Down (7-13),4.0,24,-0.05292833,0.20833333,3.9166667,0.083333336,0.20833333,0.0,0.0,0.0,4.75
PHI,Slight Deficit,3.0,56,-0.23081347,0.42857143,4.267857,0.017857144,0.23214285,0.125,1.0,3.0,3.2222223
PHI,Slight Deficit,4.0,23,-0.030443875,0.4347826,4.3913045,0.04347826,0.3478261,0.17391304347826086,0.0,1.0,4.125
PHI,Tied,3.0,4,,,,,,0.0,0.0,0.0,
PHI,Tied,4.0,26,-0.0628401,0.3846154,4.6538463,0.03846154,0.26923078,0.11538461538461539,0.0,1.0,11.2
PHI,Tied,5.0,5,,,,,,0.0,0.0,0.0,
PHI,Slight Lead,3.0,48,-0.23377043,0.375,5.2708335,0.0,0.25,0.0625,1.0,0.0,5.4166665
PHI,Slight Lead,4.0,68,-0.25494257,0.36764705,4.147059,0.0,0.22058824,0.08823529411764706,1.0,2.0,2.0526316
PHI,Leading (7-13),3.0,65,-0.2599082,0.44615385,5.2,0.015384615,0.26153848,0.09230769230769231,0.0,2.0,8.181818
PHI,Leading (7-13),4.0,125,0.11519186,0.432,4.952,0.056,0.288,0.096,1.0,5.0,4.131579
PHI,Up Big,3.0,68,0.09211087,0.42647058,7.147059,0.04411765,0.29411766,0.11764705882352941,1.0,3.0,7.095238
PHI,Up Big,4.0,28,0.16906326,0.60714287,4.964286,0.10714286,0.35714287,0.14285714285714285,0.0,2.0,4.25
PIT,Down Big,4.0,25,-0.118972644,0.36,2.6,0.0,0.2,0.04,0.0,1.0,6.2
PIT,Down (7-13),3.0,42,0.028779468,0.45238096,5.3095236,0.0,0.33333334,0.09523809523809523,0.0,2.0,7.1666665
PIT,Down (7-13),4.0,30,0.46048307,0.4,8.166667,0.1,0.4,0.06666666666666667,0.0,1.0,12.857142
PIT,Slight Deficit,3.0,43,0.25688908,0.44186047,6.395349,0.046511628,0.3255814,0.046511627906976744,0.0,1.0,3.1333334
PIT,Slight Deficit,4.0,43,-0.062257133,0.3255814,4.1860466,0.069767445,0.18604651,0.046511627906976744,1.0,1.0,6.6666665
PIT,Tied,3.0,13,-0.78175163,0.23076923,1.2307693,0.0,0.07692308,0.23076923076923078,1.0,1.0,6.0
PIT,Tied,4.0,13,-0.15668121,0.46153846,6.230769,0.0,0.3846154,0.15384615384615385,0.0,1.0,2.75
PIT,Slight Lead,3.0,36,-0.023736127,0.44444445,7.138889,0.055555556,0.33333334,0.05555555555555555,1.0,0.0,5.866667
PIT,Slight Lead,4.0,69,0.26561192,0.46376812,7.2753625,0.057971016,0.3043478,0.11594202898550725,0.0,2.0,6.923077
PIT,Leading (7-13),3.0,90,-0.022969555,0.51111114,5.4,0.033333335,0.3,0.1111111111111111,2.0,6.0,5.4827585
PIT,Leading (7-13),4.0,74,0.28153372,0.5540541,6.8783784,0.054054055,0.35135135,0.0945945945945946,1.0,3.0,5.4736843
PIT,Up Big,3.0,6,,,,,,0.3333333333333333,0.0,2.0,
PIT,Up Big,4.0,88,0.018987209,0.5,5.5,0.056818184,0.3409091,0.17045454545454544,0.0,6.0,3.847826
SEA,Down Big,4.0,3,,,,,,0.0,0.0,0.0,
SEA,Down (7-13),3.0,12,0.41727653,0.41666666,8.333333,0.0,0.25,0.0,0.0,0.0,11.0
SEA,Down (7-13),4.0,12,-0.47768387,0.25,1.5,0.083333336,0.083333336,0.16666666666666666,0.0,0.0,1.3333334
SEA,Slight Deficit,3.0,24,-0.352877,0.375,3.9583333,0.041666668,0.16666667,0.041666666666666664,0.0,0.0,4.3333335
SEA,Slight Deficit,4.0,13,-0.2228364,0.46153846,4.076923,0.07692308,0.30769232,0.0,0.0,0.0,5.5
SEA,Tied,3.0,14,-0.1780488,0.35714287,11.142858,0.071428575,0.35714287,0.07142857142857142,1.0,0.0,15.2
SEA,Tied,4.0,26,-0.14320548,0.34615386,5.230769,0.0,0.23076923,0.11538461538461539,1.0,1.0,5.111111
SEA,Tied,5.0,8,,,,,,0.125,0.0,0.0,
SEA,Slight Lead,3.0,34,0.22132623,0.5588235,6.9411764,0.029411765,0.32352942,0.029411764705882353,1.0,0.0,7.6153846
SEA,Slight Lead,4.0,24,0.25976625,0.33333334,6.0833335,0.041666668,0.29166666,0.16666666666666666,1.0,0.0,2.4
SEA,Leading (7-13),3.0,31,-0.72742,0.32258064,3.903226,0.0,0.16129032,0.0967741935483871,2.0,1.0,5.3333335
SEA,Leading (7-13),4.0,79,-0.01755013,0.39240506,4.632911,0.03797468,0.2658228,0.16455696202531644,1.0,5.0,5.216216
SEA,Up Big,3.0,125,-0.15408415,0.408,4.144,0.016,0.272,0.16,2.0,12.0,4.688889
SEA,Up Big,4.0,127,-0.064799264,0.4015748,4.7244096,0.05511811,0.27559054,0.07874015748031496,5.0,6.0,2.7804878
SF,Down Big,4.0,11,0.24566817,0.54545456,5.3636365,0.09090909,0.27272728,0.18181818181818182,0.0,0.0,8.5
SF,Down (7-13),3.0,43,0.22677852,0.53488374,5.5348835,0.046511628,0.37209302,0.023255813953488372,0.0,0.0,5.75
SF,Down (7-13),4.0,54,0.106488146,0.44444445,6.0740743,0.018518519,0.3148148,0.0,0.0,0.0,5.7647057
SF,Slight Deficit,3.0,24,0.033524793,0.45833334,5.7916665,0.041666668,0.20833333,0.0,0.0,0.0,1.6666666
SF,Slight Deficit,4.0,17,-0.3653035,0.3529412,3.9411764,0.0,0.23529412,0.0,0.0,0.0,4.5
SF,Tied,3.0,1,,,,,,0.0,0.0,0.0,
SF,Tied,4.0,28,-0.19073619,0.35714287,4.214286,0.0,0.21428572,0.03571428571428571,0.0,0.0,4.3
SF,Slight Lead,3.0,35,-0.21109867,0.4,4.3714285,0.0,0.25714287,0.02857142857142857,0.0,0.0,4.0
SF,Slight Lead,4.0,57,-0.13220415,0.50877196,5.894737,0.01754386,0.3508772,0.07017543859649122,0.0,3.0,5.111111
SF,Slight Lead,5.0,6,,,,,,0.0,0.0,0.0,
SF,Leading (7-13),3.0,68,0.27530888,0.5441176,6.2647057,0.05882353,0.36764705,0.058823529411764705,0.0,1.0,5.5925927
SF,Leading (7-13),4.0,41,-0.02966522,0.34146342,5.0487804,0.07317073,0.31707317,0.0975609756097561,1.0,1.0,4.142857
SF,Up Big,3.0,41,0.0026003208,0.5121951,6.292683,0.024390243,0.34146342,0.04878048780487805,1.0,0.0,5.142857
SF,Up Big,4.0,82,0.0687301,0.5487805,6.231707,0.09756097,0.35365853,0.12195121951219512,1.0,3.0,3.487805
TB,Down Big,3.0,20,-0.5243499,0.45,3.85,0.0,0.2,0.05,0.0,1.0,6.5
TB,Down Big,4.0,18,-0.46676767,0.22222222,2.0,0.0,0.11111111,0.05555555555555555,0.0,0.0,2.0
TB,Down (7-13),3.0,32,-0.26768953,0.3125,2.25,0.03125,0.1875,0.125,0.0,2.0,1.5
TB,Down (7-13),4.0,36,-0.49149603,0.1388889,1.1111112,0.0,0.083333336,0.027777777777777776,0.0,1.0,3.4
TB,Slight Deficit,3.0,23,0.16784507,0.39130434,8.478261,0.08695652,0.3478261,0.043478260869565216,0.0,0.0,9.625
TB,Slight Deficit,4.0,31,0.14266595,0.38709676,7.548387,0.06451613,0.2580645,0.0967741935483871,1.0,0.0,6.5
TB,Tied,3.0,4,,,,,,0.0,0.0,0.0,
TB,Tied,4.0,31,0.22096826,0.4516129,6.387097,0.06451613,0.32258064,0.06451612903225806,1.0,1.0,6.1666665
TB,Slight Lead,3.0,79,0.15062281,0.51898736,6.455696,0.050632913,0.3164557,0.06329113924050633,0.0,2.0,4.0416665
TB,Slight Lead,4.0,60,0.137705,0.48333332,6.2166667,0.05,0.36666667,0.05,0.0,1.0,5.08
TB,Leading (7-13),3.0,37,0.16383675,0.4864865,7.5135136,0.027027028,0.35135135,0.08108108108108109,0.0,1.0,6.388889
TB,Leading (7-13),4.0,76,0.12487716,0.5263158,5.855263,0.065789476,0.34210527,0.09210526315789473,1.0,5.0,4.763158
TB,Up Big,3.0,22,-0.09244572,0.5,5.6363635,0.045454547,0.3181818,0.09090909090909091,1.0,0.0,5.3636365
TB,Up Big,4.0,51,0.06583572,0.5294118,5.117647,0.039215688,0.37254903,0.058823529411764705,0.0,2.0,3.0769231
TEN,Down Big,3.0,105,0.20385312,0.47619048,5.9714284,0.04761905,0.33333334,0.047619047619047616,0.0,2.0,5.8421054
TEN,Down Big,4.0,86,-0.09276278,0.3488372,5.5465117,0.046511628,0.24418604,0.08139534883720931,1.0,2.0,7.7222223
TEN,Down (7-13),3.0,29,0.9672833,0.7586207,13.275862,0.1724138,0.62068963,0.06896551724137931,0.0,0.0,8.461538
TEN,Down (7-13),4.0,69,-0.2824148,0.3478261,3.1594203,0.028985508,0.20289855,0.14492753623188406,0.0,5.0,4.5555553
TEN,Slight Deficit,3.0,80,0.016535353,0.4875,5.6375,0.0125,0.3,0.1375,2.0,1.0,4.84
TEN,Slight Deficit,4.0,30,0.50044435,0.56666666,7.9,0.16666667,0.36666667,0.06666666666666667,0.0,1.0,4.4545455
TEN,Tied,4.0,8,,,,,,0.125,0.0,1.0,
TEN,Slight Lead,3.0,41,0.35920465,0.5609756,6.97561,0.048780486,0.3902439,0.024390243902439025,0.0,1.0,3.4761906
TEN,Slight Lead,4.0,11,-0.5284743,0.36363637,13.272727,0.09090909,0.36363637,0.18181818181818182,0.0,1.0,17.2
TEN,Leading (7-13),3.0,19,0.29135337,0.47368422,7.105263,0.05263158,0.31578946,0.05263157894736842,0.0,1.0,8.285714
TEN,Leading (7-13),4.0,14,0.34579659,0.5,6.142857,0.071428575,0.35714287,0.07142857142857142,0.0,0.0,7.428571
TEN,Up Big,4.0,11,-0.048868015,0.36363637,2.2727273,0.09090909,0.27272728,0.2727272727272727,0.0,3.0,7.25
WAS,Down Big,3.0,53,0.15162468,0.5283019,6.6226416,0.056603774,0.35849056,0.07547169811320754,1.0,1.0,7.133333
WAS,Down Big,4.0,71,0.08788004,0.3943662,5.4929576,0.04225352,0.30985916,0.07042253521126761,0.0,3.0,7.375
WAS,Down (7-13),3.0,47,0.27544063,0.5531915,7.06383,0.06382979,0.42553192,0.0851063829787234,1.0,2.0,5.3
WAS,Down (7-13),4.0,58,0.1639644,0.44827586,6.0172415,0.03448276,0.3275862,0.05172413793103448,0.0,2.0,4.4
WAS,Slight Deficit,3.0,21,0.37493178,0.52380955,9.761905,0.04761905,0.42857143,0.09523809523809523,0.0,2.0,14.444445
WAS,Slight Deficit,4.0,22,-0.2090703,0.3181818,3.6818182,0.045454547,0.22727273,0.09090909090909091,1.0,1.0,4.625
WAS,Tied,3.0,8,,,,,,0.0,0.0,0.0,
WAS,Tied,4.0,17,-0.39811897,0.29411766,4.5882354,0.0,0.23529412,0.058823529411764705,0.0,1.0,10.5
WAS,Tied,5.0,8,,,,,,0.0,0.0,0.0,
WAS,Slight Lead,3.0,47,0.28081357,0.5319149,5.3404255,0.06382979,0.31914893,0.0425531914893617,0.0,1.0,6.0666666
WAS,Slight Lead,4.0,11,-0.034114275,0.45454547,4.5454545,0.0,0.27272728,0.09090909090909091,0.0,1.0,3.5
WAS,Leading (7-13),3.0,62,-0.2591899,0.38709676,4.33871,0.0,0.24193548,0.12903225806451613,0.0,4.0,6.4117646
WAS,Leading (7-13),4.0,46,0.014914622,0.39130434,4.630435,0.04347826,0.26086956,0.10869565217391304,1.0,1.0,7.6
WAS,Up Big,3.0,19,0.34394693,0.47368422,6.2105265,0.05263158,0.42105263,0.10526315789473684,0.0,2.0,5.428571
WAS,Up Big,4.0,47,0.035863273,0.40425533,7.5319147,0.06382979,0.29787233,0.10638297872340426,0.0,1.0,5.2105265
