defteam,coverage_look,down,pressure_flag,plays,epa_allowed,success_rate_allowed,yards_allowed,td_rate,first_down_rate,pressure_rate,interceptions,sacks,yac_allowed
ARI,Light (≤3),2.0,0,2,,,,,,0.0,0.0,0.0,
ARI,Light (≤3),3.0,0,4,,,,,,0.0,1.0,0.0,
ARI,Light (≤3),4.0,0,1,,,,,,0.0,0.0,0.0,
ARI,Base (4),1.0,0,11,0.22378677,0.45454547,4.181818,0.18181819,0.27272728,0.0,0.0,0.0,4.0
ARI,Base (4),1.0,1,1,,,,,,1.0,0.0,0.0,
ARI,Base (4),2.0,0,18,-0.28036967,0.22222222,2.8333333,0.055555556,0.055555556,0.0,0.0,0.0,3.25
ARI,Base (4),2.0,1,4,,,,,,1.0,0.0,1.0,
ARI,Base (4),3.0,0,19,0.74419785,0.6315789,4.3157897,0.2631579,0.57894737,0.0,0.0,0.0,2.75
ARI,Base (4),3.0,1,6,,,,,,1.0,0.0,1.0,
ARI,Base (4),4.0,0,2,,,,,,0.0,0.0,0.0,
ARI,Base (4),4.0,1,1,,,,,,1.0,0.0,1.0,
ARI,Base (4),,0,1,,,,,,0.0,0.0,0.0,
ARI,Blitz (5),1.0,0,16,0.13593523,0.5625,5.9375,0.375,0.375,0.0,1.0,0.0,7.2
ARI,Blitz (5),2.0,0,10,-0.2284066,0.4,2.6,0.0,0.3,0.0,0.0,0.0,3.8
ARI,Blitz (5),2.0,1,1,,,,,,1.0,0.0,0.0,
ARI,Blitz (5),3.0,0,1,,,,,,0.0,0.0,0.0,
ARI,Heavy Blitz (6+),1.0,0,2,,,,,,0.0,0.0,0.0,
ARI,Heavy Blitz (6+),1.0,1,2,,,,,,1.0,0.0,1.0,
ARI,Heavy Blitz (6+),2.0,0,5,,,,,,0.0,0.0,0.0,
ARI,Heavy Blitz (6+),3.0,0,2,,,,,,0.0,0.0,0.0,
ARI,Heavy Blitz (6+),4.0,0,3,,,,,,0.0,0.0,0.0,
ARI,,1.0,0,53,-0.09666161,0.3207547,2.037736,0.1509434,0.18867925,0.0,0.0,0.0,
ARI,,2.0,0,25,0.34791264,0.64,4.08,0.28,0.48,0.0,0.0,0.0,
ARI,,3.0,0,14,-0.21079265,0.5,1.5714285,0.21428572,0.5,0.0,0.0,0.0,
ARI,,4.0,0,1,,,,,,0.0,0.0,0.0,
ARI,,,0,2,,,,,,0.0,0.0,0.0,
ATL,Light (≤3),1.0,0,1,,,,,,0.0,0.0,0.0,
ATL,Light (≤3),3.0,0,2,,,,,,0.0,0.0,0.0,
ATL,Base (4),1.0,0,12,0.6321301,0.5,6.5,0.25,0.41666666,0.0,0.0,0.0,4.111111
ATL,Base (4),1.0,1,4,,,,,,1.0,0.0,4.0,
ATL,Base (4),2.0,0,18,-0.05575127,0.2777778,2.8333333,0.2777778,0.2777778,0.0,1.0,0.0,5.0
ATL,Base (4),2.0,1,2,,,,,,1.0,0.0,2.0,
ATL,Base (4),3.0,0,11,-0.6138726,0.27272728,4.0,0.09090909,0.27272728,0.0,1.0,0.0,3.0
ATL,Base (4),3.0,1,3,,,,,,1.0,0.0,2.0,
ATL,Base (4),4.0,1,1,,,,,,1.0,0.0,1.0,
ATL,Base (4),,0,3,,,,,,0.0,0.0,0.0,
ATL,Blitz (5),1.0,0,5,,,,,,0.0,0.0,0.0,
ATL,Blitz (5),1.0,1,1,,,,,,1.0,0.0,0.0,
ATL,Blitz (5),2.0,0,12,1.0586551,0.75,7.0833335,0.5833333,0.5833333,0.0,0.0,0.0,5.5
ATL,Blitz (5),2.0,1,3,,,,,,1.0,0.0,2.0,
ATL,Blitz (5),3.0,0,6,,,,,,0.0,0.0,0.0,
ATL,Blitz (5),3.0,1,4,,,,,,1.0,0.0,2.0,
ATL,Blitz (5),4.0,0,2,,,,,,0.0,0.0,0.0,
ATL,Heavy Blitz (6+),1.0,0,2,,,,,,0.0,0.0,0.0,
ATL,Heavy Blitz (6+),3.0,0,4,,,,,,0.0,0.0,0.0,
ATL,Heavy Blitz (6+),,0,2,,,,,,0.0,0.0,0.0,
ATL,,1.0,0,44,-0.11184571,0.3409091,2.1136363,0.11363637,0.1590909,0.0,0.0,0.0,
ATL,,2.0,0,18,-0.15967837,0.2777778,2.5555556,0.11111111,0.22222222,0.0,0.0,0.0,
ATL,,3.0,0,7,,,,,,0.0,0.0,0.0,
ATL,,4.0,0,7,,,,,,0.0,0.0,0.0,
BAL,Light (≤3),1.0,0,1,,,,,,0.0,0.0,0.0,
BAL,Light (≤3),2.0,0,2,,,,,,0.0,0.0,0.0,
BAL,Light (≤3),3.0,0,8,,,,,,0.0,1.0,0.0,
BAL,Light (≤3),3.0,1,2,,,,,,1.0,0.0,0.0,
BAL,Light (≤3),4.0,0,2,,,,,,0.0,0.0,0.0,
BAL,Light (≤3),4.0,1,1,,,,,,1.0,0.0,0.0,
BAL,Base (4),1.0,0,19,0.45747003,0.47368422,4.6842103,0.2631579,0.2631579,0.0,0.0,0.0,2.7272727
BAL,Base (4),2.0,0,26,-0.15510991,0.30769232,2.9230769,0.07692308,0.15384616,0.0,0.0,0.0,3.8461537
BAL,Base (4),2.0,1,4,,,,,,1.0,0.0,1.0,
BAL,Base (4),3.0,0,19,-0.6010972,0.31578946,3.9473684,0.15789473,0.31578946,0.0,1.0,0.0,3.3
BAL,Base (4),3.0,1,2,,,,,,1.0,0.0,1.0,
BAL,Base (4),4.0,0,3,,,,,,0.0,0.0,0.0,
BAL,Base (4),,0,3,,,,,,0.0,0.0,0.0,
BAL,Blitz (5),1.0,0,2,,,,,,0.0,0.0,0.0,
BAL,Blitz (5),2.0,0,2,,,,,,0.0,0.0,0.0,
BAL,Blitz (5),3.0,0,4,,,,,,0.0,0.0,0.0,
BAL,Blitz (5),4.0,0,2,,,,,,0.0,0.0,0.0,
BAL,Blitz (5),4.0,1,1,,,,,,1.0,0.0,1.0,
BAL,Blitz (5),,0,1,,,,,,0.0,0.0,0.0,
BAL,Heavy Blitz (6+),1.0,0,2,,,,,,0.0,0.0,0.0,
BAL,Heavy Blitz (6+),1.0,1,1,,,,,,1.0,0.0,0.0,
BAL,Heavy Blitz (6+),2.0,0,4,,,,,,0.0,0.0,0.0,
BAL,Heavy Blitz (6+),3.0,0,4,,,,,,0.0,0.0,0.0,
BAL,Heavy Blitz (6+),4.0,0,1,,,,,,0.0,0.0,0.0,
BAL,,1.0,0,38,-0.3649181,0.31578946,1.8157895,0.10526316,0.10526316,0.0,0.0,0.0,
BAL,,2.0,0,28,-0.44168863,0.25,1.9285715,0.10714286,0.25,0.0,0.0,0.0,
BAL,,3.0,0,11,-0.33843532,0.45454547,0.6363636,0.27272728,0.45454547,0.0,0.0,0.0,
BAL,,4.0,0,4,,,,,,0.0,0.0,0.0,
BUF,Light (≤3),2.0,0,1,,,,,,0.0,0.0,0.0,
BUF,Light (≤3),3.0,0,1,,,,,,0.0,0.0,0.0,
BUF,Light (≤3),3.0,1,1,,,,,,1.0,0.0,0.0,
BUF,Base (4),1.0,0,14,0.37048906,0.5714286,5.285714,0.21428572,0.2857143,0.0,0.0,0.0,3.3
BUF,Base (4),1.0,1,2,,,,,,1.0,0.0,0.0,
BUF,Base (4),2.0,0,20,0.23196764,0.45,3.45,0.2,0.3,0.0,0.0,0.0,1.75
BUF,Base (4),2.0,1,1,,,,,,1.0,0.0,0.0,
BUF,Base (4),3.0,0,14,-0.7809723,0.21428572,2.4285715,0.0,0.14285715,0.0,1.0,0.0,5.5
BUF,Base (4),3.0,1,3,,,,,,1.0,0.0,3.0,
BUF,Base (4),4.0,0,2,,,,,,0.0,0.0,0.0,
BUF,Base (4),,0,5,,,,,,0.0,0.0,0.0,
BUF,Blitz (5),1.0,0,2,,,,,,0.0,0.0,0.0,
BUF,Blitz (5),2.0,0,3,,,,,,0.0,0.0,0.0,
BUF,Heavy Blitz (6+),1.0,0,3,,,,,,0.0,0.0,0.0,
BUF,Heavy Blitz (6+),2.0,0,3,,,,,,0.0,0.0,0.0,
BUF,Heavy Blitz (6+),2.0,1,2,,,,,,1.0,0.0,0.0,
BUF,Heavy Blitz (6+),3.0,0,1,,,,,,0.0,0.0,0.0,
BUF,,1.0,0,41,-0.11781972,0.2682927,1.902439,0.14634146,0.19512194,0.0,0.0,0.0,
BUF,,2.0,0,20,0.27562997,0.65,3.6,0.2,0.55,0.0,0.0,0.0,
BUF,,3.0,0,13,0.70318437,0.84615386,3.3076923,0.15384616,0.84615386,0.0,0.0,0.0,
BUF,,4.0,0,2,,,,,,0.0,0.0,0.0,
BUF,,,0,1,,,,,,0.0,0.0,0.0,
CAR,Light (≤3),3.0,1,1,,,,,,1.0,0.0,1.0,
CAR,Base (4),1.0,0,9,,,,,,0.0,0.0,0.0,
CAR,Base (4),1.0,1,2,,,,,,1.0,0.0,0.0,
CAR,Base (4),2.0,0,13,0.012385909,0.30769232,3.8461537,0.15384616,0.30769232,0.0,0.0,0.0,2.8
CAR,Base (4),2.0,1,1,,,,,,1.0,0.0,1.0,
CAR,Base (4),3.0,0,21,0.509661,0.52380955,5.4761906,0.14285715,0.52380955,0.0,1.0,0.0,2.8333333
CAR,Base (4),3.0,1,3,,,,,,1.0,1.0,2.0,
CAR,Base (4),4.0,1,1,,,,,,1.0,0.0,0.0,
CAR,Blitz (5),1.0,0,6,,,,,,0.0,0.0,0.0,
CAR,Blitz (5),2.0,0,9,,,,,,0.0,1.0,0.0,
CAR,Blitz (5),2.0,1,2,,,,,,1.0,0.0,1.0,
CAR,Blitz (5),3.0,0,1,,,,,,0.0,0.0,0.0,
CAR,Heavy Blitz (6+),1.0,0,3,,,,,,0.0,0.0,0.0,
CAR,Heavy Blitz (6+),2.0,0,2,,,,,,0.0,0.0,0.0,
CAR,Heavy Blitz (6+),3.0,0,1,,,,,,0.0,0.0,0.0,
CAR,Heavy Blitz (6+),4.0,0,1,,,,,,0.0,0.0,0.0,
CAR,,1.0,0,48,-0.16514622,0.33333334,2.3541667,0.16666667,0.16666667,0.0,0.0,0.0,
CAR,,2.0,0,27,-0.042355467,0.37037036,2.8148148,0.14814815,0.33333334,0.0,0.0,0.0,
CAR,,3.0,0,11,0.51879776,0.6363636,0.72727275,0.45454547,0.6363636,0.0,0.0,0.0,
CAR,,4.0,0,1,,,,,,0.0,0.0,0.0,
CHI,Light (≤3),1.0,1,1,,,,,,1.0,0.0,0.0,
CHI,Light (≤3),4.0,0,2,,,,,,0.0,1.0,0.0,
CHI,Light (≤3),,0,1,,,,,,0.0,0.0,0.0,
CHI,Base (4),1.0,0,17,0.41177616,0.5882353,4.352941,0.29411766,0.29411766,0.0,0.0,0.0,4.25
CHI,Base (4),1.0,1,2,,,,,,1.0,0.0,0.0,
CHI,Base (4),2.0,0,18,0.072441466,0.44444445,3.3333333,0.2777778,0.3888889,0.0,1.0,0.0,3.5384614
CHI,Base (4),2.0,1,2,,,,,,1.0,0.0,0.0,
CHI,Base (4),3.0,0,20,-0.30470905,0.2,2.35,0.2,0.2,0.0,1.0,0.0,0.6666667
CHI,Base (4),3.0,1,2,,,,,,1.0,0.0,2.0,
CHI,Base (4),4.0,1,1,,,,,,1.0,0.0,1.0,
CHI,Base (4),,0,2,,,,,,0.0,0.0,0.0,
CHI,Blitz (5),1.0,0,3,,,,,,0.0,0.0,0.0,
CHI,Blitz (5),2.0,0,4,,,,,,0.0,0.0,0.0,
CHI,Blitz (5),3.0,0,1,,,,,,0.0,0.0,0.0,
CHI,Blitz (5),4.0,0,1,,,,,,0.0,0.0,0.0,
CHI,Blitz (5),,0,1,,,,,,0.0,0.0,0.0,
CHI,Heavy Blitz (6+),1.0,0,3,,,,,,0.0,0.0,0.0,
CHI,Heavy Blitz (6+),3.0,0,1,,,,,,0.0,0.0,0.0,
CHI,Heavy Blitz (6+),4.0,0,1,,,,,,0.0,0.0,0.0,
CHI,Heavy Blitz (6+),,0,1,,,,,,0.0,0.0,0.0,
CHI,,1.0,0,41,-0.062222566,0.46341464,3.4390244,0.14634146,0.2682927,0.0,0.0,0.0,
CHI,,2.0,0,28,-0.2038017,0.42857143,2.642857,0.10714286,0.2857143,0.0,0.0,0.0,
CHI,,3.0,0,10,0.41336846,0.8,4.2,0.3,0.8,0.0,0.0,0.0,
CIN,Light (≤3),1.0,0,1,,,,,,0.0,0.0,0.0,
CIN,Light (≤3),2.0,0,3,,,,,,0.0,0.0,0.0,
CIN,Light (≤3),3.0,1,1,,,,,,1.0,0.0,0.0,
CIN,Base (4),1.0,0,15,0.11696954,0.4,4.266667,0.06666667,0.2,0.0,0.0,0.0,5.888889
CIN,Base (4),2.0,0,25,0.743665,0.6,6.64,0.32,0.44,0.0,0.0,0.0,10.235294
CIN,Base (4),2.0,1,2,,,,,,1.0,0.0,1.0,
CIN,Base (4),3.0,0,9,,,,,,0.0,0.0,0.0,
CIN,Base (4),3.0,1,5,,,,,,1.0,1.0,2.0,
CIN,Base (4),4.0,0,5,,,,,,0.0,1.0,0.0,
CIN,Base (4),,0,2,,,,,,0.0,0.0,0.0,
CIN,Blitz (5),1.0,0,4,,,,,,0.0,0.0,0.0,
CIN,Blitz (5),2.0,0,4,,,,,,0.0,0.0,0.0,
CIN,Blitz (5),2.0,1,1,,,,,,1.0,0.0,0.0,
CIN,Blitz (5),3.0,0,3,,,,,,0.0,1.0,0.0,
CIN,Blitz (5),3.0,1,4,,,,,,1.0,1.0,1.0,
CIN,Blitz (5),4.0,0,1,,,,,,0.0,0.0,0.0,
CIN,Heavy Blitz (6+),1.0,0,1,,,,,,0.0,0.0,0.0,
CIN,Heavy Blitz (6+),2.0,0,4,,,,,,0.0,0.0,0.0,
CIN,Heavy Blitz (6+),3.0,0,5,,,,,,0.0,0.0,0.0,
CIN,Heavy Blitz (6+),3.0,1,2,,,,,,1.0,0.0,0.0,
CIN,Heavy Blitz (6+),4.0,0,2,,,,,,0.0,0.0,0.0,
CIN,Heavy Blitz (6+),,0,1,,,,,,0.0,0.0,0.0,
CIN,,1.0,0,48,-0.03369634,0.375,3.8333333,0.14583333,0.1875,0.0,0.0,0.0,
CIN,,2.0,0,26,0.14160448,0.46153846,3.7692308,0.115384616,0.34615386,0.0,0.0,0.0,
CIN,,3.0,0,11,-0.66645163,0.27272728,1.6363636,0.09090909,0.27272728,0.0,0.0,0.0,
CIN,,4.0,0,2,,,,,,0.0,0.0,0.0,
CIN,,,0,1,,,,,,0.0,0.0,0.0,
CLE,Base (4),1.0,0,13,-1.3031064,0.46153846,2.5384614,0.23076923,0.23076923,0.0,2.0,0.0,4.8333335
CLE,Base (4),1.0,1,1,,,,,,1.0,0.0,1.0,
CLE,Base (4),2.0,0,15,-0.0060118674,0.26666668,2.6666667,0.2,0.2,0.0,0.0,0.0,1.0
CLE,Base (4),2.0,1,2,,,,,,1.0,0.0,1.0,
CLE,Base (4),3.0,0,11,0.93525654,0.54545456,6.2727275,0.27272728,0.54545456,0.0,0.0,0.0,4.1666665
CLE,Base (4),3.0,1,6,,,,,,1.0,0.0,4.0,
CLE,Base (4),4.0,0,2,,,,,,0.0,0.0,0.0,
CLE,Base (4),,0,1,,,,,,0.0,0.0,0.0,
CLE,Blitz (5),1.0,0,4,,,,,,0.0,0.0,0.0,
CLE,Blitz (5),2.0,0,2,,,,,,0.0,0.0,0.0,
CLE,Blitz (5),3.0,0,6,,,,,,0.0,0.0,0.0,
CLE,Blitz (5),3.0,1,1,,,,,,1.0,0.0,1.0,
CLE,Blitz (5),4.0,0,2,,,,,,0.0,0.0,0.0,
CLE,Blitz (5),,0,1,,,,,,0.0,0.0,0.0,
CLE,Heavy Blitz (6+),2.0,0,4,,,,,,0.0,0.0,0.0,
CLE,Heavy Blitz (6+),3.0,0,4,,,,,,0.0,0.0,0.0,
CLE,,1.0,0,36,-0.24728926,0.2777778,1.7222222,0.083333336,0.083333336,0.0,0.0,0.0,
CLE,,2.0,0,25,-0.091669284,0.4,3.2,0.16,0.32,0.0,0.0,0.0,
CLE,,3.0,0,7,,,,,,0.0,0.0,0.0,
DAL,Light (≤3),1.0,0,2,,,,,,0.0,0.0,0.0,
DAL,Light (≤3),2.0,0,1,,,,,,0.0,0.0,0.0,
DAL,Light (≤3),2.0,1,1,,,,,,1.0,0.0,0.0,
DAL,Light (≤3),3.0,0,2,,,,,,0.0,0.0,0.0,
DAL,Light (≤3),3.0,1,1,,,,,,1.0,0.0,1.0,
DAL,Light (≤3),4.0,0,1,,,,,,0.0,0.0,0.0,
DAL,Base (4),1.0,0,18,0.52537817,0.6111111,5.1666665,0.22222222,0.3888889,0.0,0.0,0.0,3.5
DAL,Base (4),1.0,1,1,,,,,,1.0,0.0,0.0,
DAL,Base (4),2.0,0,18,-0.05247026,0.22222222,3.0,0.11111111,0.16666667,0.0,0.0,0.0,3.375
DAL,Base (4),2.0,1,6,,,,,,1.0,0.0,1.0,
DAL,Base (4),3.0,0,21,0.350974,0.52380955,4.0,0.1904762,0.3809524,0.0,0.0,0.0,4.625
DAL,Base (4),3.0,1,7,,,,,,1.0,0.0,2.0,
DAL,Base (4),4.0,0,4,,,,,,0.0,0.0,0.0,
DAL,Base (4),4.0,1,1,,,,,,1.0,0.0,0.0,
DAL,Blitz (5),1.0,0,3,,,,,,0.0,0.0,0.0,
DAL,Blitz (5),1.0,1,1,,,,,,1.0,0.0,1.0,
DAL,Blitz (5),2.0,0,3,,,,,,0.0,0.0,0.0,
DAL,Blitz (5),3.0,0,2,,,,,,0.0,0.0,0.0,
DAL,Blitz (5),,0,1,,,,,,0.0,0.0,0.0,
DAL,Heavy Blitz (6+),1.0,0,4,,,,,,0.0,0.0,0.0,
DAL,Heavy Blitz (6+),1.0,1,1,,,,,,1.0,0.0,0.0,
DAL,Heavy Blitz (6+),2.0,0,4,,,,,,0.0,0.0,0.0,
DAL,Heavy Blitz (6+),3.0,1,2,,,,,,1.0,0.0,0.0,
DAL,Heavy Blitz (6+),,0,3,,,,,,0.0,0.0,0.0,
DAL,,1.0,0,44,-0.004983711,0.4090909,2.8636363,0.13636364,0.18181819,0.0,0.0,0.0,
DAL,,2.0,0,29,0.32624915,0.4827586,3.724138,0.31034482,0.37931034,0.0,0.0,0.0,
DAL,,3.0,0,13,0.2397914,0.6923077,2.3076923,0.23076923,0.6923077,0.0,0.0,0.0,
DAL,,4.0,0,1,,,,,,0.0,0.0,0.0,
DAL,,,0,1,,,,,,0.0,0.0,0.0,
DEN,Light (≤3),1.0,0,2,,,,,,0.0,0.0,0.0,
DEN,Light (≤3),2.0,0,2,,,,,,0.0,0.0,0.0,
DEN,Light (≤3),3.0,0,1,,,,,,0.0,0.0,0.0,
DEN,Base (4),1.0,0,7,,,,,,0.0,0.0,0.0,
DEN,Base (4),1.0,1,2,,,,,,1.0,0.0,1.0,
DEN,Base (4),2.0,0,12,-0.08029608,0.25,3.8333333,0.083333336,0.16666667,0.0,0.0,0.0,2.5
DEN,Base (4),2.0,1,4,,,,,,1.0,0.0,0.0,
DEN,Base (4),3.0,0,17,0.38173112,0.3529412,4.2352943,0.29411766,0.3529412,0.0,0.0,0.0,3.4444444
DEN,Base (4),3.0,1,5,,,,,,1.0,0.0,1.0,
DEN,Base (4),4.0,0,3,,,,,,0.0,0.0,0.0,
DEN,Base (4),,0,1,,,,,,0.0,0.0,0.0,
DEN,Blitz (5),1.0,0,6,,,,,,0.0,1.0,0.0,
DEN,Blitz (5),1.0,1,3,,,,,,1.0,0.0,1.0,
DEN,Blitz (5),2.0,0,10,0.01280967,0.4,2.2,0.1,0.3,0.0,0.0,0.0,2.6666667
DEN,Blitz (5),2.0,1,3,,,,,,1.0,1.0,1.0,
DEN,Blitz (5),3.0,0,4,,,,,,0.0,0.0,0.0,
DEN,Blitz (5),,0,1,,,,,,0.0,0.0,0.0,
DEN,Heavy Blitz (6+),1.0,0,4,,,,,,0.0,0.0,0.0,
DEN,Heavy Blitz (6+),2.0,0,3,,,,,,0.0,0.0,0.0,
DEN,Heavy Blitz (6+),2.0,1,2,,,,,,1.0,0.0,1.0,
DEN,Heavy Blitz (6+),3.0,1,2,,,,,,1.0,0.0,1.0,
DEN,,1.0,0,28,-0.009659014,0.39285713,1.8214285,0.14285715,0.17857143,0.0,0.0,0.0,
DEN,,2.0,0,17,-0.11603117,0.4117647,1.7647059,0.1764706,0.3529412,0.0,0.0,0.0,
DEN,,3.0,0,7,,,,,,0.0,0.0,0.0,
DEN,,4.0,0,2,,,,,,0.0,0.0,0.0,
DET,Light (≤3),1.0,0,2,,,,,,0.0,0.0,0.0,
DET,Light (≤3),2.0,0,5,,,,,,0.0,0.0,0.0,
DET,Light (≤3),2.0,1,1,,,,,,1.0,0.0,1.0,
DET,Light (≤3),3.0,0,3,,,,,,0.0,0.0,0.0,
DET,Base (4),1.0,0,16,0.67354906,0.625,6.125,0.375,0.5625,0.0,0.0,0.0,4.3846154
DET,Base (4),1.0,1,2,,,,,,1.0,0.0,0.0,
DET,Base (4),2.0,0,11,-1.3148665,0.27272728,2.909091,0.18181819,0.18181819,0.0,1.0,0.0,0.85714287
DET,Base (4),2.0,1,3,,,,,,1.0,0.0,2.0,
DET,Base (4),3.0,0,11,0.14871345,0.36363637,3.909091,0.27272728,0.36363637,0.0,0.0,0.0,2.2
DET,Base (4),3.0,1,4,,,,,,1.0,0.0,3.0,
DET,Base (4),4.0,0,6,,,,,,0.0,0.0,0.0,
DET,Base (4),,0,4,,,,,,0.0,0.0,0.0,
DET,Blitz (5),1.0,0,7,,,,,,0.0,0.0,0.0,
DET,Blitz (5),2.0,0,6,,,,,,0.0,0.0,0.0,
DET,Blitz (5),2.0,1,1,,,,,,1.0,0.0,1.0,
DET,Blitz (5),3.0,0,3,,,,,,0.0,0.0,0.0,
DET,Blitz (5),3.0,1,1,,,,,,1.0,0.0,1.0,
DET,Blitz (5),4.0,1,1,,,,,,1.0,0.0,0.0,
DET,Heavy Blitz (6+),1.0,0,3,,,,,,0.0,0.0,0.0,
DET,Heavy Blitz (6+),2.0,0,7,,,,,,0.0,0.0,0.0,
DET,Heavy Blitz (6+),3.0,1,1,,,,,,1.0,0.0,0.0,
DET,Heavy Blitz (6+),4.0,0,1,,,,,,0.0,0.0,0.0,
DET,Heavy Blitz (6+),4.0,1,1,,,,,,1.0,0.0,1.0,
DET,Heavy Blitz (6+),,0,1,,,,,,0.0,0.0,0.0,
DET,,1.0,0,32,0.034285054,0.46875,3.03125,0.125,0.15625,0.0,0.0,0.0,
DET,,2.0,0,20,0.033396937,0.55,1.95,0.2,0.4,0.0,0.0,0.0,
DET,,3.0,0,13,-0.23117103,0.46153846,1.6923077,0.15384616,0.46153846,0.0,0.0,0.0,
DET,,4.0,0,3,,,,,,0.0,0.0,0.0,
DET,,,0,2,,,,,,0.0,0.0,0.0,
GB,Light (≤3),1.0,0,1,,,,,,0.0,0.0,0.0,
GB,Light (≤3),2.0,0,1,,,,,,0.0,0.0,0.0,
GB,Light (≤3),3.0,0,1,,,,,,0.0,0.0,0.0,
GB,Base (4),1.0,0,15,0.12880965,0.26666668,3.1333334,0.13333334,0.13333334,0.0,0.0,0.0,6.6
GB,Base (4),1.0,1,2,,,,,,1.0,0.0,2.0,
GB,Base (4),2.0,0,17,0.4598505,0.5294118,5.2352943,0.23529412,0.4117647,0.0,0.0,0.0,3.2727273
GB,Base (4),2.0,1,6,,,,,,1.0,0.0,3.0,
GB,Base (4),3.0,0,15,-0.3759684,0.26666668,5.133333,0.13333334,0.2,0.0,2.0,0.0,5.2
GB,Base (4),3.0,1,3,,,,,,1.0,0.0,2.0,
GB,Base (4),4.0,0,2,,,,,,0.0,0.0,0.0,
GB,Base (4),,0,1,,,,,,0.0,0.0,0.0,
GB,Blitz (5),1.0,0,4,,,,,,0.0,0.0,0.0,
GB,Blitz (5),1.0,1,3,,,,,,1.0,0.0,1.0,
GB,Blitz (5),2.0,0,3,,,,,,0.0,0.0,0.0,
GB,Blitz (5),3.0,0,5,,,,,,0.0,1.0,0.0,
GB,Blitz (5),3.0,1,3,,,,,,1.0,0.0,1.0,
GB,Blitz (5),4.0,0,3,,,,,,0.0,1.0,0.0,
GB,Blitz (5),4.0,1,1,,,,,,1.0,0.0,1.0,
GB,Heavy Blitz (6+),1.0,0,2,,,,,,0.0,0.0,0.0,
GB,Heavy Blitz (6+),2.0,1,1,,,,,,1.0,0.0,0.0,
GB,Heavy Blitz (6+),3.0,0,2,,,,,,0.0,0.0,0.0,
GB,Heavy Blitz (6+),,0,1,,,,,,0.0,0.0,0.0,
GB,,1.0,0,38,0.008652469,0.34210527,2.3421052,0.13157895,0.18421052,0.0,0.0,0.0,
GB,,2.0,0,31,0.07495547,0.48387095,2.548387,0.22580644,0.3548387,0.0,0.0,0.0,
GB,,3.0,0,9,,,,,,0.0,0.0,0.0,
GB,,4.0,0,3,,,,,,0.0,0.0,0.0,
GB,,,0,2,,,,,,0.0,0.0,0.0,
HOU,Base (4),1.0,0,13,-0.58737534,0.30769232,3.1538463,0.23076923,0.23076923,0.0,1.0,0.0,0.5
HOU,Base (4),1.0,1,3,,,,,,1.0,0.0,2.0,
HOU,Base (4),2.0,0,16,0.34395275,0.4375,5.5,0.25,0.3125,0.0,0.0,0.0,3.0
HOU,Base (4),2.0,1,4,,,,,,1.0,0.0,3.0,
HOU,Base (4),3.0,0,15,0.13145049,0.4,3.7333333,0.26666668,0.33333334,0.0,0.0,0.0,1.4285715
HOU,Base (4),3.0,1,2,,,,,,1.0,0.0,0.0,
HOU,Base (4),,0,3,,,,,,0.0,0.0,0.0,
HOU,Blitz (5),1.0,0,3,,,,,,0.0,0.0,0.0,
HOU,Blitz (5),2.0,0,2,,,,,,0.0,0.0,0.0,
HOU,Blitz (5),3.0,0,2,,,,,,0.0,0.0,0.0,
HOU,Blitz (5),,0,1,,,,,,0.0,0.0,0.0,
HOU,Heavy Blitz (6+),1.0,0,2,,,,,,0.0,0.0,0.0,
HOU,Heavy Blitz (6+),2.0,0,1,,,,,,0.0,0.0,0.0,
HOU,Heavy Blitz (6+),2.0,1,1,,,,,,1.0,0.0,0.0,
HOU,Heavy Blitz (6+),3.0,0,1,,,,,,0.0,0.0,0.0,
HOU,Heavy Blitz (6+),,0,1,,,,,,0.0,0.0,0.0,
HOU,,1.0,0,25,-0.072580665,0.4,2.0,0.2,0.2,0.0,0.0,0.0,
HOU,,2.0,0,18,0.09338246,0.3888889,2.1666667,0.22222222,0.3888889,0.0,0.0,0.0,
HOU,,3.0,0,5,,,,,,0.0,0.0,0.0,
HOU,,4.0,0,3,,,,,,0.0,0.0,0.0,
IND,Light (≤3),1.0,0,1,,,,,,0.0,0.0,0.0,
IND,Light (≤3),2.0,0,7,,,,,,0.0,1.0,0.0,
IND,Light (≤3),3.0,0,3,,,,,,0.0,1.0,0.0,
IND,Light (≤3),4.0,0,1,,,,,,0.0,0.0,0.0,
IND,Base (4),1.0,0,19,0.03449198,0.57894737,5.3157897,0.15789473,0.21052632,0.0,0.0,0.0,3.0
IND,Base (4),1.0,1,4,,,,,,1.0,0.0,3.0,
IND,Base (4),2.0,0,25,-0.17177473,0.24,2.96,0.16,0.16,0.0,1.0,0.0,2.3
IND,Base (4),2.0,1,1,,,,,,1.0,0.0,0.0,
IND,Base (4),3.0,0,15,0.72679293,0.46666667,4.133333,0.33333334,0.46666667,0.0,0.0,0.0,3.3333333
IND,Base (4),3.0,1,5,,,,,,1.0,0.0,5.0,
IND,Base (4),4.0,0,2,,,,,,0.0,0.0,0.0,
IND,Base (4),4.0,1,1,,,,,,1.0,0.0,0.0,
IND,Base (4),,0,2,,,,,,0.0,0.0,0.0,
IND,Blitz (5),1.0,0,6,,,,,,0.0,1.0,0.0,
IND,Blitz (5),2.0,0,4,,,,,,0.0,0.0,0.0,
IND,Blitz (5),3.0,0,5,,,,,,0.0,0.0,0.0,
IND,Blitz (5),4.0,0,1,,,,,,0.0,1.0,0.0,
IND,Blitz (5),,0,1,,,,,,0.0,0.0,0.0,
IND,Heavy Blitz (6+),1.0,0,5,,,,,,0.0,0.0,0.0,
IND,Heavy Blitz (6+),1.0,1,2,,,,,,1.0,0.0,1.0,
IND,Heavy Blitz (6+),2.0,0,8,,,,,,0.0,0.0,0.0,
IND,Heavy Blitz (6+),2.0,1,1,,,,,,1.0,0.0,1.0,
IND,Heavy Blitz (6+),3.0,0,4,,,,,,0.0,0.0,0.0,
IND,Heavy Blitz (6+),4.0,0,2,,,,,,0.0,0.0,0.0,
IND,,1.0,0,42,-0.080810346,0.3809524,2.952381,0.11904762,0.16666667,0.0,0.0,0.0,
IND,,2.0,0,20,-0.19654596,0.5,1.75,0.3,0.4,0.0,0.0,0.0,
IND,,3.0,0,15,0.57449573,0.8666667,2.6666667,0.13333334,0.8666667,0.0,0.0,0.0,
IND,,4.0,0,4,,,,,,0.0,0.0,0.0,
JAX,Light (≤3),3.0,0,1,,,,,,0.0,0.0,0.0,
JAX,Light (≤3),3.0,1,1,,,,,,1.0,0.0,1.0,
JAX,Base (4),1.0,0,18,0.2826448,0.5,5.4444447,0.055555556,0.2777778,0.0,0.0,0.0,4.0
JAX,Base (4),2.0,0,16,0.082115114,0.3125,3.25,0.1875,0.25,0.0,0.0,0.0,3.0
JAX,Base (4),2.0,1,1,,,,,,1.0,0.0,0.0,
JAX,Base (4),3.0,0,12,0.45196795,0.5,4.9166665,0.25,0.5,0.0,0.0,0.0,2.0
JAX,Base (4),4.0,0,1,,,,,,0.0,0.0,0.0,
JAX,Base (4),,0,3,,,,,,0.0,0.0,0.0,
JAX,Blitz (5),1.0,0,5,,,,,,0.0,0.0,0.0,
JAX,Blitz (5),1.0,1,3,,,,,,1.0,1.0,0.0,
JAX,Blitz (5),2.0,0,8,,,,,,0.0,1.0,0.0,
JAX,Blitz (5),2.0,1,1,,,,,,1.0,0.0,0.0,
JAX,Blitz (5),3.0,0,5,,,,,,0.0,0.0,0.0,
JAX,Blitz (5),3.0,1,1,,,,,,1.0,0.0,0.0,
JAX,Blitz (5),4.0,0,2,,,,,,0.0,0.0,0.0,
JAX,Blitz (5),,0,1,,,,,,0.0,0.0,0.0,
JAX,Heavy Blitz (6+),1.0,0,4,,,,,,0.0,0.0,0.0,
JAX,Heavy Blitz (6+),2.0,0,4,,,,,,0.0,0.0,0.0,
JAX,Heavy Blitz (6+),2.0,1,1,,,,,,1.0,0.0,1.0,
JAX,Heavy Blitz (6+),3.0,0,3,,,,,,0.0,0.0,0.0,
JAX,Heavy Blitz (6+),,0,1,,,,,,0.0,0.0,0.0,
JAX,,1.0,0,32,0.0012176111,0.375,2.5625,0.125,0.125,0.0,0.0,0.0,
JAX,,2.0,0,19,-0.1115618,0.47368422,2.0526316,0.15789473,0.36842105,0.0,0.0,0.0,
JAX,,3.0,0,8,,,,,,0.0,0.0,0.0,
JAX,,,0,1,,,,,,0.0,0.0,0.0,
KC,Light (≤3),2.0,0,2,,,,,,0.0,0.0,0.0,
KC,Light (≤3),3.0,1,1,,,,,,1.0,0.0,1.0,
KC,Base (4),1.0,0,11,-0.6029801,0.27272728,1.5454545,0.18181819,0.18181819,0.0,1.0,0.0,1.6
KC,Base (4),1.0,1,1,,,,,,1.0,0.0,0.0,
KC,Base (4),2.0,0,19,0.006087303,0.2631579,3.1052632,0.15789473,0.21052632,0.0,0.0,0.0,3.7272727
KC,Base (4),2.0,1,3,,,,,,1.0,0.0,1.0,
KC,Base (4),3.0,0,12,0.8433034,0.5,5.5833335,0.41666666,0.5,0.0,0.0,0.0,1.4444444
KC,Base (4),3.0,1,6,,,,,,1.0,0.0,2.0,
KC,Base (4),4.0,1,1,,,,,,1.0,0.0,0.0,
KC,Blitz (5),1.0,0,4,,,,,,0.0,0.0,0.0,
KC,Blitz (5),2.0,0,3,,,,,,0.0,0.0,0.0,
KC,Blitz (5),3.0,0,2,,,,,,0.0,0.0,0.0,
KC,Blitz (5),3.0,1,1,,,,,,1.0,0.0,0.0,
KC,Heavy Blitz (6+),1.0,0,3,,,,,,0.0,0.0,0.0,
KC,Heavy Blitz (6+),3.0,0,2,,,,,,0.0,0.0,0.0,
KC,Heavy Blitz (6+),3.0,1,1,,,,,,1.0,0.0,0.0,
KC,,1.0,0,35,-0.012249242,0.37142858,2.9714286,0.114285715,0.114285715,0.0,0.0,0.0,
KC,,2.0,0,23,0.18436097,0.5217391,3.7826087,0.13043478,0.39130434,0.0,0.0,0.0,
KC,,3.0,0,11,-0.25201923,0.36363637,1.3636364,0.09090909,0.36363637,0.0,0.0,0.0,
KC,,4.0,0,3,,,,,,0.0,0.0,0.0,
LA,Light (≤3),1.0,0,2,,,,,,0.0,0.0,0.0,
LA,Light (≤3),2.0,0,2,,,,,,0.0,0.0,0.0,
LA,Base (4),1.0,0,12,0.26670384,0.33333334,3.75,0.16666667,0.16666667,0.0,0.0,0.0,2.142857
LA,Base (4),1.0,1,4,,,,,,1.0,0.0,1.0,
LA,Base (4),2.0,0,20,0.1256954,0.4,4.85,0.1,0.25,0.0,0.0,0.0,1.7333333
LA,Base (4),2.0,1,4,,,,,,1.0,0.0,2.0,
LA,Base (4),3.0,0,18,-0.3140186,0.16666667,3.2222223,0.11111111,0.11111111,0.0,0.0,0.0,0.75
LA,Base (4),3.0,1,5,,,,,,1.0,1.0,1.0,
LA,Base (4),4.0,0,4,,,,,,0.0,0.0,0.0,
LA,Base (4),4.0,1,4,,,,,,1.0,0.0,3.0,
LA,Base (4),,0,3,,,,,,0.0,0.0,0.0,
LA,Blitz (5),1.0,0,6,,,,,,0.0,0.0,0.0,
LA,Blitz (5),2.0,0,2,,,,,,0.0,0.0,0.0,
LA,Blitz (5),3.0,0,2,,,,,,0.0,0.0,0.0,
LA,Blitz (5),4.0,0,1,,,,,,0.0,0.0,0.0,
LA,Heavy Blitz (6+),1.0,0,3,,,,,,0.0,0.0,0.0,
LA,Heavy Blitz (6+),2.0,0,2,,,,,,0.0,0.0,0.0,
LA,Heavy Blitz (6+),2.0,1,1,,,,,,1.0,0.0,1.0,
LA,Heavy Blitz (6+),3.0,0,2,,,,,,0.0,0.0,0.0,
LA,Heavy Blitz (6+),3.0,1,1,,,,,,1.0,0.0,1.0,
LA,Heavy Blitz (6+),,0,1,,,,,,0.0,0.0,0.0,
LA,,1.0,0,28,-0.21540985,0.2857143,2.25,0.071428575,0.071428575,0.0,0.0,0.0,
LA,,2.0,0,15,-0.11189393,0.4,2.2666667,0.2,0.33333334,0.0,0.0,0.0,
LA,,3.0,0,10,-0.21996479,0.4,2.3,0.0,0.4,0.0,0.0,0.0,
LA,,4.0,0,8,,,,,,0.0,0.0,0.0,
LA,,,0,1,,,,,,0.0,0.0,0.0,
LAC,Light (≤3),3.0,0,4,,,,,,0.0,0.0,0.0,
LAC,Light (≤3),3.0,1,1,,,,,,1.0,0.0,1.0,
LAC,Base (4),1.0,0,12,-0.40110388,0.33333334,3.0833333,0.083333336,0.16666667,0.0,1.0,0.0,8.0
LAC,Base (4),1.0,1,2,,,,,,1.0,0.0,1.0,
LAC,Base (4),2.0,0,16,0.004382968,0.3125,3.375,0.125,0.25,0.0,0.0,0.0,3.0
LAC,Base (4),2.0,1,3,,,,,,1.0,0.0,2.0,
LAC,Base (4),3.0,0,10,-0.4295463,0.3,3.0,0.2,0.2,0.0,2.0,0.0,1.75
LAC,Base (4),3.0,1,3,,,,,,1.0,0.0,1.0,
LAC,Base (4),4.0,0,2,,,,,,0.0,0.0,0.0,
LAC,Base (4),,0,1,,,,,,0.0,0.0,0.0,
LAC,Blitz (5),1.0,0,4,,,,,,0.0,0.0,0.0,
LAC,Blitz (5),1.0,1,2,,,,,,1.0,0.0,0.0,
LAC,Blitz (5),2.0,0,5,,,,,,0.0,0.0,0.0,
LAC,Blitz (5),3.0,0,2,,,,,,0.0,0.0,0.0,
LAC,Blitz (5),3.0,1,1,,,,,,1.0,0.0,0.0,
LAC,Blitz (5),4.0,0,2,,,,,,0.0,0.0,0.0,
LAC,Blitz (5),,0,1,,,,,,0.0,0.0,0.0,
LAC,Heavy Blitz (6+),1.0,0,1,,,,,,0.0,0.0,0.0,
LAC,Heavy Blitz (6+),2.0,0,2,,,,,,0.0,0.0,0.0,
LAC,Heavy Blitz (6+),3.0,0,1,,,,,,0.0,0.0,0.0,
LAC,,1.0,0,35,0.029626798,0.4,3.3142858,0.2,0.25714287,0.0,0.0,0.0,
LAC,,2.0,0,23,0.086939245,0.39130434,4.3913045,0.17391305,0.39130434,0.0,0.0,0.0,
LAC,,3.0,0,11,-0.94268227,0.27272728,0.09090909,0.0,0.27272728,0.0,0.0,0.0,
LAC,,4.0,0,4,,,,,,0.0,0.0,0.0,
LAC,,,0,1,,,,,,0.0,0.0,0.0,
LV,Light (≤3),1.0,0,3,,,,,,0.0,0.0,0.0,
LV,Light (≤3),2.0,0,2,,,,,,0.0,0.0,0.0,
LV,Light (≤3),3.0,0,1,,,,,,0.0,0.0,0.0,
LV,Light (≤3),3.0,1,1,,,,,,1.0,0.0,1.0,
LV,Light (≤3),4.0,0,1,,,,,,0.0,0.0,0.0,
LV,Base (4),1.0,0,14,-0.05284997,0.42857143,2.7142856,0.14285715,0.21428572,0.0,0.0,0.0,3.2222223
LV,Base (4),1.0,1,3,,,,,,1.0,0.0,1.0,
LV,Base (4),2.0,0,26,0.26956642,0.46153846,4.8846154,0.23076923,0.3846154,0.0,0.0,0.0,3.6842105
LV,Base (4),2.0,1,3,,,,,,1.0,0.0,2.0,
LV,Base (4),3.0,0,17,-0.23142135,0.5294118,3.3529413,0.11764706,0.4117647,0.0,2.0,0.0,4.0
LV,Base (4),3.0,1,4,,,,,,1.0,0.0,1.0,
LV,Base (4),,0,4,,,,,,0.0,0.0,0.0,
LV,Blitz (5),1.0,0,3,,,,,,0.0,0.0,0.0,
LV,Blitz (5),1.0,1,1,,,,,,1.0,0.0,0.0,
LV,Blitz (5),2.0,0,2,,,,,,0.0,1.0,0.0,
LV,Blitz (5),3.0,0,1,,,,,,0.0,0.0,0.0,
LV,Blitz (5),4.0,0,1,,,,,,0.0,0.0,0.0,
LV,Heavy Blitz (6+),1.0,0,2,,,,,,0.0,0.0,0.0,
LV,Heavy Blitz (6+),2.0,0,2,,,,,,0.0,0.0,0.0,
LV,Heavy Blitz (6+),2.0,1,2,,,,,,1.0,0.0,0.0,
LV,Heavy Blitz (6+),3.0,0,4,,,,,,0.0,0.0,0.0,
LV,Heavy Blitz (6+),3.0,1,2,,,,,,1.0,0.0,1.0,
LV,Heavy Blitz (6+),4.0,0,1,,,,,,0.0,0.0,0.0,
LV,,1.0,0,51,-0.15076067,0.4117647,2.0392158,0.09803922,0.09803922,0.0,0.0,0.0,
LV,,2.0,0,38,0.088100545,0.42105263,2.5263157,0.21052632,0.36842105,0.0,0.0,0.0,
LV,,3.0,0,16,-0.004474174,0.5,1.9375,0.1875,0.5,0.0,0.0,0.0,
LV,,4.0,0,7,,,,,,0.0,0.0,0.0,
LV,,,0,1,,,,,,0.0,0.0,0.0,
MIA,Light (≤3),2.0,0,3,,,,,,0.0,0.0,0.0,
MIA,Light (≤3),3.0,0,1,,,,,,0.0,0.0,0.0,
MIA,Light (≤3),3.0,1,1,,,,,,1.0,0.0,0.0,
MIA,Light (≤3),4.0,0,1,,,,,,0.0,0.0,0.0,
MIA,Base (4),1.0,0,8,,,,,,0.0,1.0,0.0,
MIA,Base (4),1.0,1,1,,,,,,1.0,0.0,1.0,
MIA,Base (4),2.0,0,16,0.6270445,0.5625,7.4375,0.25,0.25,0.0,0.0,0.0,4.0
MIA,Base (4),2.0,1,1,,,,,,1.0,0.0,0.0,
MIA,Base (4),3.0,0,16,0.91107726,0.625,6.0625,0.375,0.6875,0.0,1.0,0.0,1.5
MIA,Base (4),3.0,1,4,,,,,,1.0,0.0,2.0,
MIA,Base (4),4.0,0,1,,,,,,0.0,0.0,0.0,
MIA,Base (4),,0,2,,,,,,0.0,0.0,0.0,
MIA,Blitz (5),1.0,0,9,,,,,,0.0,0.0,0.0,
MIA,Blitz (5),1.0,1,2,,,,,,1.0,0.0,0.0,
MIA,Blitz (5),2.0,0,7,,,,,,0.0,0.0,0.0,
MIA,Blitz (5),2.0,1,1,,,,,,1.0,0.0,0.0,
MIA,Blitz (5),3.0,0,2,,,,,,0.0,0.0,0.0,
MIA,Heavy Blitz (6+),1.0,1,1,,,,,,1.0,0.0,1.0,
MIA,Heavy Blitz (6+),2.0,0,1,,,,,,0.0,0.0,0.0,
MIA,Heavy Blitz (6+),3.0,0,2,,,,,,0.0,1.0,0.0,
MIA,Heavy Blitz (6+),3.0,1,1,,,,,,1.0,0.0,0.0,
MIA,,1.0,0,43,0.03544607,0.44186047,3.6744187,0.1627907,0.25581396,0.0,0.0,0.0,
MIA,,2.0,0,23,-0.20254835,0.39130434,2.4347825,0.17391305,0.2173913,0.0,0.0,0.0,
MIA,,3.0,0,15,0.079263285,0.53333336,1.1333333,0.2,0.53333336,0.0,0.0,0.0,
MIA,,4.0,0,2,,,,,,0.0,0.0,0.0,
MIA,,,0,3,,,,,,0.0,0.0,0.0,
MIN,Light (≤3),3.0,0,1,,,,,,0.0,0.0,0.0,
MIN,Base (4),1.0,0,5,,,,,,0.0,0.0,0.0,
MIN,Base (4),1.0,1,1,,,,,,1.0,0.0,0.0,
MIN,Base (4),2.0,0,8,,,,,,0.0,0.0,0.0,
MIN,Base (4),2.0,1,2,,,,,,1.0,0.0,1.0,
MIN,Base (4),3.0,0,9,,,,,,0.0,0.0,0.0,
MIN,Base (4),3.0,1,7,,,,,,1.0,0.0,3.0,
MIN,Base (4),4.0,0,3,,,,,,0.0,1.0,0.0,
MIN,Base (4),4.0,1,1,,,,,,1.0,0.0,1.0,
MIN,Blitz (5),1.0,0,8,,,,,,0.0,0.0,0.0,
MIN,Blitz (5),2.0,0,6,,,,,,0.0,0.0,0.0,
MIN,Blitz (5),3.0,0,3,,,,,,0.0,0.0,0.0,
MIN,Blitz (5),3.0,1,1,,,,,,1.0,0.0,0.0,
MIN,Heavy Blitz (6+),1.0,0,3,,,,,,0.0,0.0,0.0,
MIN,Heavy Blitz (6+),1.0,1,1,,,,,,1.0,0.0,0.0,
MIN,Heavy Blitz (6+),2.0,0,7,,,,,,0.0,0.0,0.0,
MIN,Heavy Blitz (6+),2.0,1,2,,,,,,1.0,0.0,1.0,
MIN,Heavy Blitz (6+),3.0,0,1,,,,,,0.0,0.0,0.0,
MIN,Heavy Blitz (6+),3.0,1,1,,,,,,1.0,0.0,1.0,
MIN,Heavy Blitz (6+),,0,1,,,,,,0.0,0.0,0.0,
MIN,,1.0,0,37,-0.1270245,0.4054054,2.0,0.16216215,0.1891892,0.0,0.0,0.0,
MIN,,2.0,0,31,-0.0024302467,0.3548387,3.032258,0.16129032,0.29032257,0.0,0.0,0.0,
MIN,,3.0,0,17,-0.38868466,0.3529412,2.0,0.0,0.3529412,0.0,0.0,0.0,
MIN,,4.0,0,6,,,,,,0.0,0.0,0.0,
NE,Light (≤3),1.0,0,2,,,,,,0.0,0.0,0.0,
NE,Light (≤3),2.0,0,1,,,,,,0.0,0.0,0.0,
NE,Light (≤3),3.0,0,1,,,,,,0.0,0.0,0.0,
NE,Base (4),1.0,0,9,,,,,,0.0,1.0,0.0,
NE,Base (4),2.0,0,12,0.51611435,0.5833333,6.5,0.33333334,0.5833333,0.0,1.0,0.0,3.875
NE,Base (4),2.0,1,1,,,,,,1.0,0.0,0.0,
NE,Base (4),3.0,0,6,,,,,,0.0,0.0,0.0,
NE,Base (4),3.0,1,3,,,,,,1.0,0.0,2.0,
NE,Base (4),4.0,0,5,,,,,,0.0,0.0,0.0,
NE,Base (4),,0,1,,,,,,0.0,0.0,0.0,
NE,Blitz (5),1.0,0,5,,,,,,0.0,0.0,0.0,
NE,Blitz (5),2.0,0,3,,,,,,0.0,0.0,0.0,
NE,Blitz (5),3.0,0,2,,,,,,0.0,0.0,0.0,
NE,Blitz (5),3.0,1,1,,,,,,1.0,0.0,0.0,
NE,Blitz (5),4.0,0,1,,,,,,0.0,0.0,0.0,
NE,Blitz (5),4.0,1,1,,,,,,1.0,0.0,0.0,
NE,Heavy Blitz (6+),1.0,0,2,,,,,,0.0,0.0,0.0,
NE,Heavy Blitz (6+),2.0,0,2,,,,,,0.0,0.0,0.0,
NE,Heavy Blitz (6+),3.0,0,2,,,,,,0.0,0.0,0.0,
NE,Heavy Blitz (6+),3.0,1,1,,,,,,1.0,0.0,0.0,
NE,Heavy Blitz (6+),4.0,0,1,,,,,,0.0,0.0,0.0,
NE,Heavy Blitz (6+),,0,1,,,,,,0.0,0.0,0.0,
NE,,1.0,0,23,0.047691256,0.4347826,3.5652175,0.08695652,0.08695652,0.0,0.0,0.0,
NE,,2.0,0,22,0.05478671,0.4090909,3.1363637,0.18181819,0.36363637,0.0,0.0,0.0,
NE,,3.0,0,9,,,,,,0.0,0.0,0.0,
NE,,,0,1,,,,,,0.0,0.0,0.0,
NO,Light (≤3),1.0,0,1,,,,,,0.0,0.0,0.0,
NO,Light (≤3),2.0,0,1,,,,,,0.0,0.0,0.0,
NO,Base (4),1.0,0,12,-0.060412,0.5833333,5.75,0.16666667,0.25,0.0,1.0,0.0,5.285714
NO,Base (4),2.0,0,12,0.39475262,0.5833333,5.3333335,0.16666667,0.33333334,0.0,0.0,0.0,4.7777777
NO,Base (4),2.0,1,3,,,,,,1.0,0.0,1.0,
NO,Base (4),3.0,0,9,,,,,,0.0,0.0,0.0,
NO,Base (4),3.0,1,3,,,,,,1.0,0.0,2.0,
NO,Base (4),4.0,0,1,,,,,,0.0,0.0,0.0,
NO,Blitz (5),1.0,0,1,,,,,,0.0,0.0,0.0,
NO,Blitz (5),2.0,0,6,,,,,,0.0,0.0,0.0,
NO,Blitz (5),3.0,0,4,,,,,,0.0,0.0,0.0,
NO,Blitz (5),3.0,1,2,,,,,,1.0,0.0,1.0,
NO,Heavy Blitz (6+),1.0,0,4,,,,,,0.0,0.0,0.0,
NO,Heavy Blitz (6+),2.0,0,3,,,,,,0.0,0.0,0.0,
NO,Heavy Blitz (6+),3.0,0,2,,,,,,0.0,0.0,0.0,
NO,,1.0,0,32,-0.081531316,0.375,3.375,0.125,0.21875,0.0,0.0,0.0,
NO,,2.0,0,20,-0.59670293,0.55,2.35,0.25,0.45,0.0,0.0,0.0,
NO,,3.0,0,8,,,,,,0.0,0.0,0.0,
NO,,4.0,0,5,,,,,,0.0,0.0,0.0,
NO,,,0,2,,,,,,0.0,0.0,0.0,
NYG,Light (≤3),1.0,1,1,,,,,,1.0,0.0,0.0,
NYG,Light (≤3),2.0,0,1,,,,,,0.0,0.0,0.0,
NYG,Light (≤3),3.0,0,1,,,,,,0.0,0.0,0.0,
NYG,Light (≤3),4.0,0,1,,,,,,0.0,0.0,0.0,
NYG,Light (≤3),,0,1,,,,,,0.0,0.0,0.0,
NYG,Base (4),1.0,0,15,-0.16918114,0.2,2.6666667,0.0,0.0,0.0,0.0,0.0,2.75
NYG,Base (4),1.0,1,2,,,,,,1.0,0.0,1.0,
NYG,Base (4),2.0,0,15,0.5292777,0.6,4.5333333,0.2,0.4,0.0,0.0,0.0,4.7777777
NYG,Base (4),2.0,1,4,,,,,,1.0,1.0,0.0,
NYG,Base (4),3.0,0,18,0.17329587,0.44444445,4.8333335,0.2777778,0.3888889,0.0,1.0,0.0,4.25
NYG,Base (4),3.0,1,2,,,,,,1.0,0.0,1.0,
NYG,Base (4),4.0,0,3,,,,,,0.0,0.0,0.0,
NYG,Base (4),,0,2,,,,,,0.0,0.0,0.0,
NYG,Blitz (5),1.0,0,3,,,,,,0.0,0.0,0.0,
NYG,Blitz (5),2.0,0,9,,,,,,0.0,0.0,0.0,
NYG,Blitz (5),3.0,0,2,,,,,,0.0,0.0,0.0,
NYG,Heavy Blitz (6+),1.0,0,3,,,,,,0.0,0.0,0.0,
NYG,Heavy Blitz (6+),2.0,0,8,,,,,,0.0,1.0,0.0,
NYG,Heavy Blitz (6+),2.0,1,1,,,,,,1.0,0.0,1.0,
NYG,Heavy Blitz (6+),3.0,0,1,,,,,,0.0,0.0,0.0,
NYG,Heavy Blitz (6+),3.0,1,3,,,,,,1.0,0.0,0.0,
NYG,,1.0,0,41,0.06217176,0.36585367,3.390244,0.14634146,0.17073171,0.0,0.0,0.0,
NYG,,2.0,0,16,0.5270058,0.5,4.625,0.4375,0.5,0.0,0.0,0.0,
NYG,,3.0,0,2,,,,,,0.0,0.0,0.0,
NYG,,4.0,0,2,,,,,,0.0,0.0,0.0,
NYG,,,0,1,,,,,,0.0,0.0,0.0,
NYJ,Base (4),1.0,0,25,0.35823882,0.56,4.92,0.24,0.32,0.0,0.0,0.0,2.9375
NYJ,Base (4),2.0,0,28,0.57129157,0.5,5.178571,0.32142857,0.4642857,0.0,0.0,0.0,3.8888888
NYJ,Base (4),2.0,1,2,,,,,,1.0,0.0,2.0,
NYJ,Base (4),3.0,0,12,-0.094719864,0.33333334,3.0,0.16666667,0.25,0.0,0.0,0.0,6.0
NYJ,Base (4),4.0,0,2,,,,,,0.0,0.0,0.0,
NYJ,Base (4),,0,2,,,,,,0.0,0.0,0.0,
NYJ,Blitz (5),1.0,0,4,,,,,,0.0,0.0,0.0,
NYJ,Blitz (5),2.0,0,3,,,,,,0.0,0.0,0.0,
NYJ,Blitz (5),3.0,0,4,,,,,,0.0,0.0,0.0,
NYJ,Blitz (5),3.0,1,2,,,,,,1.0,0.0,0.0,
NYJ,Blitz (5),4.0,0,1,,,,,,0.0,0.0,0.0,
NYJ,Heavy Blitz (6+),1.0,0,2,,,,,,0.0,0.0,0.0,
NYJ,Heavy Blitz (6+),1.0,1,1,,,,,,1.0,0.0,0.0,
NYJ,Heavy Blitz (6+),2.0,0,3,,,,,,0.0,0.0,0.0,
NYJ,Heavy Blitz (6+),3.0,0,5,,,,,,0.0,0.0,0.0,
NYJ,Heavy Blitz (6+),4.0,0,1,,,,,,0.0,0.0,0.0,
NYJ,,1.0,0,47,0.16706121,0.4893617,3.6170213,0.21276596,0.25531915,0.0,0.0,0.0,
NYJ,,2.0,0,30,-0.04738028,0.4,3.0666666,0.1,0.33333334,0.0,0.0,0.0,
NYJ,,3.0,0,14,0.24813424,0.5714286,2.4285715,0.21428572,0.5714286,0.0,0.0,0.0,
NYJ,,4.0,0,2,,,,,,0.0,0.0,0.0,
PHI,Light (≤3),3.0,0,1,,,,,,0.0,0.0,0.0,
PHI,Light (≤3),4.0,0,1,,,,,,0.0,0.0,0.0,
PHI,Base (4),1.0,0,16,0.1663012,0.5,5.75,0.25,0.375,0.0,1.0,0.0,6.625
PHI,Base (4),1.0,1,1,,,,,,1.0,0.0,1.0,
PHI,Base (4),2.0,0,12,-0.27502266,0.5,4.5833335,0.083333336,0.25,0.0,1.0,0.0,1.0
PHI,Base (4),2.0,1,1,,,,,,1.0,0.0,1.0,
PHI,Base (4),3.0,0,14,-0.48101643,0.21428572,2.357143,0.071428575,0.21428572,0.0,0.0,0.0,1.0
PHI,Base (4),3.0,1,3,,,,,,1.0,0.0,3.0,
PHI,Base (4),4.0,0,1,,,,,,0.0,0.0,0.0,
PHI,Base (4),4.0,1,2,,,,,,1.0,0.0,0.0,
PHI,Base (4),,0,2,,,,,,0.0,0.0,0.0,
PHI,Blitz (5),1.0,0,2,,,,,,0.0,0.0,0.0,
PHI,Blitz (5),1.0,1,3,,,,,,1.0,0.0,0.0,
PHI,Blitz (5),2.0,0,4,,,,,,0.0,0.0,0.0,
PHI,Blitz (5),2.0,1,2,,,,,,1.0,1.0,0.0,
PHI,Blitz (5),3.0,0,3,,,,,,0.0,0.0,0.0,
PHI,Blitz (5),3.0,1,2,,,,,,1.0,0.0,1.0,
PHI,Heavy Blitz (6+),1.0,0,1,,,,,,0.0,0.0,0.0,
PHI,Heavy Blitz (6+),2.0,0,3,,,,,,0.0,0.0,0.0,
PHI,Heavy Blitz (6+),3.0,0,1,,,,,,0.0,0.0,0.0,
PHI,,1.0,0,39,-0.12409204,0.4871795,2.6410255,0.17948718,0.20512821,0.0,0.0,0.0,
PHI,,2.0,0,25,0.27345273,0.52,3.72,0.2,0.4,0.0,0.0,0.0,
PHI,,3.0,0,14,-0.3869329,0.42857143,2.2857144,0.14285715,0.42857143,0.0,0.0,0.0,
PHI,,4.0,0,4,,,,,,0.0,0.0,0.0,
PHI,,,0,1,,,,,,0.0,0.0,0.0,
PIT,Light (≤3),2.0,0,1,,,,,,0.0,0.0,0.0,
PIT,Light (≤3),3.0,0,3,,,,,,0.0,0.0,0.0,
PIT,Light (≤3),4.0,0,1,,,,,,0.0,0.0,0.0,
PIT,Base (4),1.0,0,11,0.38562557,0.36363637,4.2727275,0.27272728,0.27272728,0.0,0.0,0.0,0.25
PIT,Base (4),1.0,1,1,,,,,,1.0,0.0,0.0,
PIT,Base (4),2.0,0,13,0.5415008,0.53846157,4.923077,0.23076923,0.3846154,0.0,0.0,0.0,2.0
PIT,Base (4),2.0,1,4,,,,,,1.0,0.0,1.0,
PIT,Base (4),3.0,0,17,-0.0075562,0.3529412,3.1176472,0.29411766,0.29411766,0.0,1.0,0.0,1.25
PIT,Base (4),3.0,1,1,,,,,,1.0,0.0,0.0,
PIT,Base (4),4.0,0,3,,,,,,0.0,0.0,0.0,
PIT,Base (4),4.0,1,1,,,,,,1.0,0.0,0.0,
PIT,Base (4),,0,4,,,,,,0.0,0.0,0.0,
PIT,Blitz (5),1.0,0,11,0.22496821,0.36363637,4.181818,0.18181819,0.27272728,0.0,0.0,0.0,11.25
PIT,Blitz (5),1.0,1,1,,,,,,1.0,0.0,0.0,
PIT,Blitz (5),2.0,0,5,,,,,,0.0,0.0,0.0,
PIT,Blitz (5),2.0,1,2,,,,,,1.0,0.0,1.0,
PIT,Blitz (5),3.0,0,3,,,,,,0.0,0.0,0.0,
PIT,Blitz (5),3.0,1,2,,,,,,1.0,0.0,1.0,
PIT,Blitz (5),4.0,0,3,,,,,,0.0,0.0,0.0,
PIT,Heavy Blitz (6+),1.0,0,6,,,,,,0.0,0.0,0.0,
PIT,Heavy Blitz (6+),1.0,1,2,,,,,,1.0,0.0,0.0,
PIT,Heavy Blitz (6+),2.0,0,7,,,,,,0.0,0.0,0.0,
PIT,Heavy Blitz (6+),2.0,1,4,,,,,,1.0,0.0,2.0,
PIT,Heavy Blitz (6+),3.0,0,2,,,,,,0.0,0.0,0.0,
PIT,Heavy Blitz (6+),3.0,1,1,,,,,,1.0,0.0,0.0,
PIT,Heavy Blitz (6+),,0,1,,,,,,0.0,0.0,0.0,
PIT,,1.0,0,28,-0.05382486,0.32142857,2.7142856,0.10714286,0.14285715,0.0,0.0,0.0,
PIT,,2.0,0,20,-0.5273096,0.35,2.8,0.05,0.25,0.0,0.0,0.0,
PIT,,3.0,0,11,0.39026406,0.36363637,3.5454545,0.27272728,0.45454547,0.0,0.0,0.0,
PIT,,4.0,0,4,,,,,,0.0,0.0,0.0,
PIT,,,0,2,,,,,,0.0,0.0,0.0,
SEA,Light (≤3),2.0,0,1,,,,,,0.0,0.0,0.0,
SEA,Base (4),1.0,0,19,-0.085527115,0.42105263,2.7894738,0.10526316,0.15789473,0.0,0.0,0.0,4.0
SEA,Base (4),1.0,1,4,,,,,,1.0,0.0,2.0,
SEA,Base (4),2.0,0,26,0.18517688,0.5,4.9615383,0.1923077,0.3846154,0.0,1.0,0.0,2.8333333
SEA,Base (4),2.0,1,3,,,,,,1.0,0.0,1.0,
SEA,Base (4),3.0,0,20,0.016554473,0.4,4.15,0.2,0.3,0.0,1.0,0.0,1.1818181
SEA,Base (4),3.0,1,1,,,,,,1.0,0.0,0.0,
SEA,Base (4),4.0,0,4,,,,,,0.0,0.0,0.0,
SEA,Base (4),4.0,1,2,,,,,,1.0,1.0,0.0,
SEA,Base (4),,0,4,,,,,,0.0,0.0,0.0,
SEA,Blitz (5),1.0,0,3,,,,,,0.0,0.0,0.0,
SEA,Blitz (5),2.0,0,5,,,,,,0.0,0.0,0.0,
SEA,Blitz (5),2.0,1,1,,,,,,1.0,0.0,1.0,
SEA,Blitz (5),3.0,0,4,,,,,,0.0,0.0,0.0,
SEA,Blitz (5),3.0,1,1,,,,,,1.0,0.0,1.0,
SEA,Blitz (5),4.0,0,2,,,,,,0.0,0.0,0.0,
SEA,Heavy Blitz (6+),2.0,0,1,,,,,,0.0,0.0,0.0,
SEA,Heavy Blitz (6+),3.0,0,4,,,,,,0.0,0.0,0.0,
SEA,,1.0,0,30,-0.036176495,0.43333334,2.0,0.16666667,0.2,0.0,0.0,0.0,
SEA,,2.0,0,18,-0.4646635,0.16666667,1.0555556,0.055555556,0.055555556,0.0,0.0,0.0,
SEA,,3.0,0,12,-0.51107264,0.5,2.25,0.083333336,0.5,0.0,0.0,0.0,
SEA,,4.0,0,2,,,,,,0.0,0.0,0.0,
SEA,,,0,1,,,,,,0.0,0.0,0.0,
SF,Light (≤3),2.0,1,1,,,,,,1.0,0.0,0.0,
SF,Base (4),1.0,0,21,0.039012235,0.33333334,4.428571,0.04761905,0.14285715,0.0,0.0,0.0,4.818182
SF,Base (4),2.0,0,19,0.52162075,0.57894737,6.263158,0.31578946,0.47368422,0.0,0.0,0.0,3.3125
SF,Base (4),2.0,1,1,,,,,,1.0,0.0,1.0,
SF,Base (4),3.0,0,9,,,,,,0.0,0.0,0.0,
SF,Base (4),3.0,1,2,,,,,,1.0,0.0,1.0,
SF,Blitz (5),1.0,0,5,,,,,,0.0,1.0,0.0,
SF,Blitz (5),2.0,0,8,,,,,,0.0,0.0,0.0,
SF,Blitz (5),3.0,0,4,,,,,,0.0,0.0,0.0,
SF,Blitz (5),4.0,0,1,,,,,,0.0,0.0,0.0,
SF,Blitz (5),,0,3,,,,,,0.0,0.0,0.0,
SF,Heavy Blitz (6+),1.0,0,2,,,,,,0.0,0.0,0.0,
SF,Heavy Blitz (6+),1.0,1,1,,,,,,1.0,0.0,1.0,
SF,Heavy Blitz (6+),3.0,0,2,,,,,,0.0,0.0,0.0,
SF,Heavy Blitz (6+),3.0,1,1,,,,,,1.0,0.0,0.0,
SF,,1.0,0,26,-0.113120586,0.5769231,2.9230769,0.1923077,0.26923078,0.0,0.0,0.0,
SF,,2.0,0,21,0.16826282,0.47619048,3.5714285,0.1904762,0.42857143,0.0,0.0,0.0,
SF,,3.0,0,10,-0.2581829,0.5,2.7,0.1,0.5,0.0,0.0,0.0,
SF,,4.0,0,3,,,,,,0.0,0.0,0.0,
SF,,,0,3,,,,,,0.0,0.0,0.0,
TB,Light (≤3),1.0,0,1,,,,,,0.0,0.0,0.0,
TB,Base (4),1.0,0,13,0.24630108,0.46153846,5.0,0.15384616,0.3846154,0.0,0.0,0.0,4.0
TB,Base (4),1.0,1,3,,,,,,1.0,0.0,1.0,
TB,Base (4),2.0,0,13,0.3432368,0.6923077,6.6153846,0.30769232,0.30769232,0.0,1.0,0.0,2.7
TB,Base (4),2.0,1,2,,,,,,1.0,0.0,1.0,
TB,Base (4),3.0,0,13,-0.11306891,0.3846154,2.9230769,0.30769232,0.3846154,0.0,1.0,0.0,0.0
TB,Base (4),3.0,1,1,,,,,,1.0,0.0,1.0,
TB,Base (4),4.0,0,4,,,,,,0.0,0.0,0.0,
TB,Base (4),,0,2,,,,,,0.0,0.0,0.0,
TB,Blitz (5),1.0,0,7,,,,,,0.0,0.0,0.0,
TB,Blitz (5),1.0,1,1,,,,,,1.0,0.0,0.0,
TB,Blitz (5),2.0,0,2,,,,,,0.0,0.0,0.0,
TB,Blitz (5),3.0,0,1,,,,,,0.0,0.0,0.0,
TB,Blitz (5),4.0,0,1,,,,,,0.0,0.0,0.0,
TB,Blitz (5),,0,1,,,,,,0.0,0.0,0.0,
TB,Heavy Blitz (6+),1.0,0,3,,,,,,0.0,0.0,0.0,
TB,Heavy Blitz (6+),2.0,0,2,,,,,,0.0,0.0,0.0,
TB,Heavy Blitz (6+),2.0,1,1,,,,,,1.0,0.0,0.0,
TB,Heavy Blitz (6+),3.0,0,1,,,,,,0.0,0.0,0.0,
TB,Heavy Blitz (6+),4.0,0,1,,,,,,0.0,0.0,0.0,
TB,Heavy Blitz (6+),,0,1,,,,,,0.0,0.0,0.0,
TB,,1.0,0,21,-0.03756975,0.52380955,3.7142856,0.23809524,0.33333334,0.0,0.0,0.0,
TB,,2.0,0,15,-0.12729059,0.26666668,3.0,0.06666667,0.2,0.0,0.0,0.0,
TB,,3.0,0,12,0.07068197,0.5833333,1.4166666,0.25,0.5833333,0.0,0.0,0.0,
TEN,Light (≤3),3.0,0,1,,,,,,0.0,0.0,0.0,
TEN,Base (4),1.0,0,19,0.28227353,0.42105263,4.7894735,0.2631579,0.31578946,0.0,0.0,0.0,4.928571
TEN,Base (4),2.0,0,20,0.23298702,0.4,4.3,0.2,0.25,0.0,0.0,0.0,2.8333333
TEN,Base (4),2.0,1,2,,,,,,1.0,0.0,1.0,
TEN,Base (4),3.0,0,16,0.9396289,0.6875,4.9375,0.375,0.5,0.0,0.0,0.0,0.7
TEN,Base (4),3.0,1,2,,,,,,1.0,0.0,2.0,
TEN,Base (4),4.0,0,1,,,,,,0.0,0.0,0.0,
TEN,Base (4),,0,1,,,,,,0.0,0.0,0.0,
TEN,Blitz (5),1.0,0,2,,,,,,0.0,0.0,0.0,
TEN,Blitz (5),1.0,1,1,,,,,,1.0,0.0,0.0,
TEN,Blitz (5),2.0,0,4,,,,,,0.0,0.0,0.0,
TEN,Blitz (5),3.0,0,2,,,,,,0.0,0.0,0.0,
TEN,Blitz (5),3.0,1,2,,,,,,1.0,0.0,1.0,
TEN,Blitz (5),4.0,1,1,,,,,,1.0,0.0,1.0,
TEN,Blitz (5),,0,1,,,,,,0.0,0.0,0.0,
TEN,Heavy Blitz (6+),1.0,0,3,,,,,,0.0,0.0,0.0,
TEN,Heavy Blitz (6+),2.0,1,2,,,,,,1.0,0.0,0.0,
TEN,Heavy Blitz (6+),3.0,0,3,,,,,,0.0,0.0,0.0,
TEN,,1.0,0,42,0.15412971,0.5,3.547619,0.23809524,0.26190478,0.0,0.0,0.0,
TEN,,2.0,0,21,-0.020441396,0.47619048,1.8571428,0.1904762,0.33333334,0.0,0.0,0.0,
TEN,,3.0,0,6,,,,,,0.0,0.0,0.0,
TEN,,4.0,0,1,,,,,,0.0,0.0,0.0,
TEN,,,0,1,,,,,,0.0,0.0,0.0,
WAS,Light (≤3),2.0,0,1,,,,,,0.0,0.0,0.0,
WAS,Base (4),1.0,0,20,0.25466114,0.45,4.15,0.3,0.3,0.0,0.0,0.0,3.75
WAS,Base (4),2.0,0,16,0.6313973,0.625,5.25,0.3125,0.5625,0.0,0.0,0.0,3.4166667
WAS,Base (4),2.0,1,2,,,,,,1.0,0.0,0.0,
WAS,Base (4),3.0,0,18,-0.17420234,0.3888889,4.7222223,0.16666667,0.3888889,0.0,2.0,0.0,3.1666667
WAS,Base (4),3.0,1,4,,,,,,1.0,0.0,3.0,
WAS,Base (4),4.0,0,6,,,,,,0.0,0.0,0.0,
WAS,Base (4),4.0,1,1,,,,,,1.0,0.0,0.0,
WAS,Base (4),,0,2,,,,,,0.0,0.0,0.0,
WAS,Blitz (5),1.0,0,2,,,,,,0.0,0.0,0.0,
WAS,Blitz (5),1.0,1,3,,,,,,1.0,0.0,0.0,
WAS,Blitz (5),2.0,0,8,,,,,,0.0,0.0,0.0,
WAS,Blitz (5),2.0,1,2,,,,,,1.0,0.0,1.0,
WAS,Blitz (5),3.0,0,2,,,,,,0.0,0.0,0.0,
WAS,Blitz (5),3.0,1,1,,,,,,1.0,0.0,0.0,
WAS,Blitz (5),4.0,1,1,,,,,,1.0,0.0,0.0,
WAS,Heavy Blitz (6+),1.0,0,3,,,,,,0.0,0.0,0.0,
WAS,Heavy Blitz (6+),3.0,0,1,,,,,,0.0,0.0,0.0,
WAS,Heavy Blitz (6+),3.0,1,2,,,,,,1.0,0.0,0.0,
WAS,,1.0,0,44,0.08868116,0.5,3.8636363,0.11363637,0.13636364,0.0,0.0,0.0,
WAS,,2.0,0,37,0.023592692,0.5135135,3.1891892,0.16216215,0.43243244,0.0,0.0,0.0,
WAS,,3.0,0,12,0.3977286,0.5833333,2.5833333,0.41666666,0.5833333,0.0,0.0,0.0,
WAS,,4.0,0,2,,,,,,0.0,0.0,0.0,
WAS,,,0,2,,,,,,0.0,0.0,0.0,
