defteam,def_front,play_type,plays,epa_allowed,success_rate_allowed,yards_allowed,td_rate,first_down_rate,pressure_rate,interceptions,sacks,yac_allowed
ARI,Light (≤5),pass,187,-0.01397126,0.47058824,5.909091,0.01604278,0.32085562,0.11229946524064172,2.0,9.0,4.362069
ARI,Light (≤5),run,61,0.08515579,0.5081967,6.0,0.016393442,0.24590164,0.0,0.0,0.0,
ARI,Standard (6),pass,236,0.21178605,0.5381356,6.75,0.0720339,0.3898305,0.13983050847457626,5.0,14.0,4.5974026
ARI,Standard (6),run,208,0.054483928,0.45673078,5.0384617,0.033653848,0.32692307,0.0,0.0,0.0,
ARI,Heavy (7),pass,143,0.29455653,0.55944055,7.5664334,0.07692308,0.37762237,0.09090909090909091,3.0,4.0,6.580645
ARI,Heavy (7),run,163,-0.07254623,0.42944786,4.5828223,0.042944785,0.2760736,0.0,0.0,0.0,
ARI,Stacked (8+),pass,31,1.4151296e-05,0.3548387,4.612903,0.09677419,0.32258064,0.16129032258064516,0.0,3.0,5.4166665
ARI,Stacked (8+),run,24,-0.044331234,0.375,1.7083334,0.20833333,0.375,0.0,0.0,0.0,
ATL,Light (≤5),pass,86,0.19842787,0.4883721,5.3488374,0.046511628,0.3139535,0.11627906976744186,1.0,6.0,3.8
ATL,Light (≤5),run,9,,,,,,0.0,0.0,0.0,
ATL,Standard (6),pass,357,-0.039237216,0.4397759,6.1960783,0.04761905,0.2997199,0.13165266106442577,14.0,28.0,5.285714
ATL,Standard (6),run,249,0.09117881,0.502008,5.485944,0.016064256,0.2931727,0.0,0.0,0.0,
ATL,Heavy (7),pass,131,-0.14726375,0.40458015,4.8702292,0.03816794,0.29007635,0.2366412213740458,0.0,20.0,4.7777777
ATL,Heavy (7),run,163,-0.023441827,0.40490797,4.0981593,0.024539877,0.24539877,0.0,0.0,0.0,
ATL,Stacked (8+),pass,16,-0.03953873,0.5625,6.4375,0.125,0.4375,0.25,1.0,3.0,4.25
ATL,Stacked (8+),run,36,-0.2124651,0.30555555,1.6944444,0.11111111,0.19444445,0.0,0.0,0.0,
BAL,Light (≤5),pass,142,0.16290237,0.43661973,6.9295774,0.028169014,0.31690142,0.1619718309859155,2.0,8.0,5.070588
BAL,Light (≤5),run,15,0.17493822,0.6666667,8.466666,0.0,0.46666667,0.0,0.0,0.0,
BAL,Standard (6),pass,364,-0.024625836,0.42857143,5.739011,0.03846154,0.2802198,0.15934065934065933,7.0,18.0,4.791469
BAL,Standard (6),run,221,-0.1479449,0.36651585,4.470588,0.018099548,0.20361991,0.0,0.0,0.0,
BAL,Heavy (7),pass,135,0.22289267,0.52592593,7.6592593,0.022222223,0.32592592,0.1037037037037037,1.0,2.0,4.7234044
BAL,Heavy (7),run,136,0.037828874,0.4852941,4.1397057,0.05882353,0.30147058,0.0,0.0,0.0,
BAL,Stacked (8+),pass,15,0.39899883,0.6,7.133333,0.26666668,0.6,0.13333333333333333,1.0,1.0,5.0
BAL,Stacked (8+),run,46,0.07489108,0.4347826,3.3695652,0.13043478,0.36956522,0.0,0.0,0.0,
BAL,,pass,1,,,,,,1.0,0.0,1.0,
BAL,,run,1,,,,,,0.0,0.0,0.0,
BUF,Light (≤5),pass,126,-0.09776536,0.36507937,5.0,0.023809524,0.2857143,0.20634920634920634,3.0,7.0,5.015625
BUF,Light (≤5),run,18,0.58859044,0.6666667,8.333333,0.055555556,0.6111111,0.0,0.0,0.0,
BUF,Standard (6),pass,278,-0.18602157,0.4028777,5.3633094,0.039568346,0.2733813,0.17985611510791366,9.0,24.0,4.265823
BUF,Standard (6),run,213,0.14326666,0.49295774,5.5633802,0.04694836,0.31455398,0.0,0.0,0.0,
BUF,Heavy (7),pass,93,0.14730531,0.41935483,5.806452,0.06451613,0.3548387,0.13978494623655913,0.0,5.0,6.056604
BUF,Heavy (7),run,174,-0.03063664,0.39655173,4.683908,0.05172414,0.24712643,0.0,0.0,0.0,
BUF,Stacked (8+),pass,7,,,,,,0.14285714285714285,1.0,0.0,
BUF,Stacked (8+),run,40,0.15302797,0.45,4.25,0.1,0.35,0.0,0.0,0.0,
BUF,,pass,1,,,,,,0.0,0.0,0.0,
CAR,Light (≤5),pass,145,0.23567526,0.46896553,7.4827585,0.027586207,0.3448276,0.08275862068965517,4.0,9.0,5.6630435
CAR,Light (≤5),run,20,0.17193165,0.5,8.2,0.0,0.35,0.0,0.0,0.0,
CAR,Standard (6),pass,296,0.13649099,0.5033784,6.8716216,0.037162162,0.36824325,0.09797297297297297,8.0,14.0,5.0360823
CAR,Standard (6),run,233,-0.005895336,0.39914164,4.7081547,0.025751073,0.2532189,0.0,0.0,0.0,
CAR,Heavy (7),pass,85,-0.25415945,0.3529412,3.8,0.047058824,0.22352941,0.12941176470588237,3.0,6.0,4.6
CAR,Heavy (7),run,190,0.024603957,0.40526316,4.194737,0.05263158,0.2631579,0.0,0.0,0.0,
CAR,Stacked (8+),pass,8,,,,,,0.25,0.0,1.0,
CAR,Stacked (8+),run,20,0.19444133,0.5,2.85,0.2,0.35,0.0,0.0,0.0,
CAR,,pass,1,,,,,,0.0,0.0,0.0,
CHI,Light (≤5),pass,135,0.1251807,0.43703705,6.8962965,0.02962963,0.33333334,0.1259259259259259,2.0,6.0,4.9166665
CHI,Light (≤5),run,17,0.072841056,0.4117647,6.117647,0.0,0.3529412,0.0,0.0,0.0,
CHI,Standard (6),pass,306,0.0092028305,0.48039216,6.9346404,0.078431375,0.34640524,0.13071895424836602,16.0,17.0,4.3384614
CHI,Standard (6),run,242,0.06017169,0.45454547,5.3347106,0.024793388,0.26859504,0.0,0.0,0.0,
CHI,Heavy (7),pass,116,0.057873674,0.51724136,6.62069,0.03448276,0.31896552,0.1896551724137931,4.0,11.0,5.6
CHI,Heavy (7),run,147,-0.07257559,0.43537414,4.707483,0.034013607,0.2585034,0.0,0.0,0.0,
CHI,Stacked (8+),pass,13,-0.6627637,0.3846154,3.6923077,0.15384616,0.30769232,0.15384615384615385,1.0,1.0,3.6666667
CHI,Stacked (8+),run,46,-0.09681092,0.54347825,4.4565215,0.08695652,0.41304347,0.0,0.0,0.0,
CIN,Light (≤5),pass,123,0.123874374,0.45528457,7.292683,0.08130081,0.30081302,0.17073170731707318,2.0,9.0,6.733333
CIN,Light (≤5),run,21,0.32913315,0.61904764,7.142857,0.04761905,0.42857143,0.0,0.0,0.0,
CIN,Standard (6),pass,332,0.15980849,0.49096385,7.003012,0.042168673,0.36746988,0.12650602409638553,9.0,18.0,6.8439026
CIN,Standard (6),run,279,0.1465513,0.46594983,5.6810036,0.050179213,0.26881722,0.0,0.0,0.0,
CIN,Heavy (7),pass,91,0.2862216,0.53846157,6.989011,0.054945055,0.36263737,0.13186813186813187,1.0,4.0,7.735849
CIN,Heavy (7),run,133,-0.006050458,0.42105263,4.819549,0.015037594,0.31578946,0.0,0.0,0.0,
CIN,Stacked (8+),pass,25,-0.011718415,0.52,4.84,0.2,0.48,0.16,1.0,4.0,8.533334
CIN,Stacked (8+),run,31,-0.21548505,0.48387095,4.548387,0.032258064,0.2580645,0.0,0.0,0.0,
CLE,Light (≤5),pass,104,-0.3387834,0.34615386,5.0,0.009615385,0.26923078,0.22115384615384615,2.0,9.0,5.7115383
CLE,Light (≤5),run,14,-0.30183712,0.21428572,3.142857,0.071428575,0.14285715,0.0,0.0,0.0,
CLE,Standard (6),pass,276,-0.072067425,0.4456522,5.481884,0.039855074,0.29347825,0.17391304347826086,5.0,24.0,5.1988306
CLE,Standard (6),run,180,-0.046493527,0.38333333,4.2388887,0.011111111,0.21111111,0.0,0.0,0.0,
CLE,Heavy (7),pass,118,-0.2052123,0.41525424,5.0338984,0.084745765,0.30508474,0.211864406779661,4.0,15.0,5.428571
CLE,Heavy (7),run,178,-0.116226934,0.3764045,3.8539326,0.028089888,0.24157304,0.0,0.0,0.0,
CLE,Stacked (8+),pass,42,0.19822264,0.47619048,5.142857,0.16666667,0.4047619,0.19047619047619047,0.0,5.0,5.3636365
CLE,Stacked (8+),run,82,0.110157155,0.40243903,6.1585364,0.07317073,0.25609756,0.0,0.0,0.0,
DAL,Light (≤5),pass,87,0.6420095,0.5862069,8.839081,0.12643678,0.43678162,0.16091954022988506,0.0,2.0,5.0735292
DAL,Light (≤5),run,13,0.6165097,0.61538464,8.846154,0.07692308,0.61538464,0.0,0.0,0.0,
DAL,Standard (6),pass,359,0.11241309,0.4735376,6.685237,0.0362117,0.3231198,0.181058495821727,5.0,25.0,5.536036
DAL,Standard (6),run,234,0.12743409,0.4871795,5.4957266,0.047008548,0.30341882,0.0,0.0,0.0,
DAL,Heavy (7),pass,122,0.13693488,0.48360655,7.5,0.04918033,0.33606556,0.23770491803278687,1.0,8.0,6.786667
DAL,Heavy (7),run,157,0.02410447,0.44585988,4.5159235,0.031847134,0.3057325,0.0,0.0,0.0,
DAL,Stacked (8+),pass,25,0.7157097,0.68,7.92,0.24,0.56,0.04,0.0,0.0,5.9375
DAL,Stacked (8+),run,30,-0.01737376,0.43333334,1.4333333,0.23333333,0.4,0.0,0.0,0.0,
DEN,Light (≤5),pass,164,-0.03281068,0.3292683,4.597561,0.030487806,0.21341464,0.24390243902439024,2.0,18.0,4.822785
DEN,Light (≤5),run,25,0.6728567,0.6,7.96,0.04,0.48,0.0,0.0,0.0,
DEN,Standard (6),pass,332,-0.1924876,0.3433735,4.740964,0.027108435,0.27108434,0.23493975903614459,6.0,34.0,3.9602273
DEN,Standard (6),run,237,-0.099900424,0.3628692,4.0970464,0.021097047,0.1814346,0.0,0.0,0.0,
DEN,Heavy (7),pass,128,0.008439504,0.421875,5.4921875,0.0234375,0.28125,0.2109375,1.0,14.0,5.7285714
DEN,Heavy (7),run,112,-0.12046511,0.36607143,2.9375,0.026785715,0.19642857,0.0,0.0,0.0,
DEN,Stacked (8+),pass,34,-0.22192886,0.38235295,4.4411764,0.05882353,0.29411766,0.17647058823529413,1.0,2.0,4.2222223
DEN,Stacked (8+),run,22,0.10340922,0.4090909,2.3181818,0.09090909,0.4090909,0.0,0.0,0.0,
DEN,,run,1,,,,,,0.0,0.0,0.0,
DET,Light (≤5),pass,112,0.0076676565,0.41964287,7.258929,0.04464286,0.3125,0.125,5.0,5.0,3.983871
DET,Light (≤5),run,16,0.39819872,0.5,6.75,0.0,0.375,0.0,0.0,0.0,
DET,Standard (6),pass,289,-0.09224438,0.39100346,5.297578,0.034602076,0.29065743,0.19377162629757785,4.0,31.0,4.151899
DET,Standard (6),run,105,0.014277076,0.44761905,5.3809524,0.028571429,0.26666668,0.0,0.0,0.0,
DET,Heavy (7),pass,160,0.039602775,0.4,6.4,0.05625,0.33125,0.1625,3.0,10.0,5.356322
DET,Heavy (7),run,241,0.0070417123,0.43983403,4.659751,0.0373444,0.22406639,0.0,0.0,0.0,
DET,Stacked (8+),pass,48,0.32332364,0.625,6.8958335,0.14583333,0.47916666,0.14583333333333334,1.0,3.0,2.857143
DET,Stacked (8+),run,69,-0.23084494,0.2753623,2.463768,0.057971016,0.2173913,0.0,0.0,0.0,
GB,Light (≤5),pass,111,0.11469016,0.4234234,6.288288,0.036036037,0.2972973,0.14414414414414414,2.0,10.0,4.9
GB,Light (≤5),run,8,,,,,,0.0,0.0,0.0,
GB,Standard (6),pass,350,0.03295583,0.44,5.551429,0.034285713,0.30857143,0.18285714285714286,4.0,21.0,4.081818
GB,Standard (6),run,236,-0.041271117,0.44491526,4.165254,0.012711864,0.22457626,0.0,0.0,0.0,
GB,Heavy (7),pass,108,0.23205164,0.49074075,6.101852,0.055555556,0.35185185,0.1388888888888889,0.0,3.0,4.0151515
GB,Heavy (7),run,183,-0.04778447,0.46448088,4.535519,0.010928961,0.26775956,0.0,0.0,0.0,
GB,Stacked (8+),pass,14,-0.36134964,0.21428572,0.14285715,0.14285715,0.21428572,0.2857142857142857,1.0,2.0,1.75
GB,Stacked (8+),run,46,0.21545506,0.5217391,3.4565217,0.2173913,0.45652175,0.0,0.0,0.0,
HOU,Light (≤5),pass,66,-0.45905045,0.24242425,5.681818,0.060606062,0.21212122,0.13636363636363635,3.0,6.0,5.4117646
HOU,Light (≤5),run,5,,,,,,0.0,0.0,0.0,
HOU,Standard (6),pass,355,-0.17246215,0.3887324,5.352113,0.03380282,0.28732395,0.15774647887323945,10.0,28.0,4.8542714
HOU,Standard (6),run,212,-0.04561592,0.3773585,4.1509433,0.023584906,0.16981132,0.0,0.0,0.0,
HOU,Heavy (7),pass,145,-0.16700408,0.37241378,5.2,0.03448276,0.27586207,0.18620689655172415,6.0,13.0,5.464789
HOU,Heavy (7),run,144,-0.005555068,0.44444445,4.3125,0.034722224,0.25694445,0.0,0.0,0.0,
HOU,Stacked (8+),pass,21,0.13344534,0.42857143,3.7619047,0.14285715,0.2857143,0.047619047619047616,0.0,0.0,2.9285715
HOU,Stacked (8+),run,33,-0.33164334,0.33333334,2.1818182,0.09090909,0.27272728,0.0,0.0,0.0,
HOU,,pass,1,,,,,,0.0,0.0,0.0,
IND,Light (≤5),pass,155,0.018291332,0.4516129,6.496774,0.019354839,0.3419355,0.14838709677419354,3.0,9.0,5.449438
IND,Light (≤5),run,15,0.8992515,0.6666667,8.533334,0.06666667,0.53333336,0.0,0.0,0.0,
IND,Standard (6),pass,358,0.12616809,0.4888268,6.874302,0.039106146,0.34078214,0.1340782122905028,8.0,19.0,4.7488585
IND,Standard (6),run,239,-0.0920902,0.44351465,4.09205,0.020920502,0.25941423,0.0,0.0,0.0,
IND,Heavy (7),pass,115,-0.14197986,0.42608696,5.5826087,0.017391304,0.28695652,0.17391304347826086,3.0,8.0,5.2941175
IND,Heavy (7),run,140,-0.03644657,0.42142856,3.8642857,0.05,0.2857143,0.0,0.0,0.0,
IND,Stacked (8+),pass,36,-0.1455322,0.3888889,3.0833333,0.16666667,0.2777778,0.1111111111111111,0.0,3.0,3.0952382
IND,Stacked (8+),run,41,-0.16171649,0.4390244,2.2195122,0.07317073,0.3902439,0.0,0.0,0.0,
IND,,run,2,,,,,,0.0,0.0,0.0,
JAX,Light (≤5),pass,135,-0.42873427,0.32592592,4.540741,0.014814815,0.22222222,0.15555555555555556,4.0,5.0,4.175676
JAX,Light (≤5),run,16,-0.12584113,0.3125,6.4375,0.0625,0.125,0.0,0.0,0.0,
JAX,Standard (6),pass,346,-0.036395308,0.43930635,5.728324,0.028901733,0.30057803,0.13872832369942195,12.0,20.0,4.224299
JAX,Standard (6),run,211,0.0081073865,0.4265403,4.49763,0.028436018,0.27962086,0.0,0.0,0.0,
JAX,Heavy (7),pass,164,0.010188943,0.47560975,6.22561,0.06097561,0.33536586,0.12804878048780488,3.0,7.0,4.7525773
JAX,Heavy (7),run,111,-0.12922336,0.3063063,3.2162163,0.036036037,0.14414415,0.0,0.0,0.0,
JAX,Stacked (8+),pass,26,-0.97690827,0.3846154,3.6538463,0.1923077,0.34615386,0.15384615384615385,3.0,0.0,2.5454545
JAX,Stacked (8+),run,21,0.014910801,0.5714286,2.7619047,0.0952381,0.42857143,0.0,0.0,0.0,
KC,Light (≤5),pass,98,-0.115135536,0.39795917,5.877551,0.05102041,0.26530612,0.2857142857142857,1.0,13.0,5.0
KC,Light (≤5),run,18,0.05286783,0.5,5.6666665,0.055555556,0.33333334,0.0,0.0,0.0,
KC,Standard (6),pass,319,0.060607266,0.46394983,6.354232,0.018808777,0.30094042,0.1755485893416928,5.0,17.0,5.722772
KC,Standard (6),run,214,0.024231879,0.44392523,4.8925233,0.023364486,0.22897196,0.0,0.0,0.0,
KC,Heavy (7),pass,120,-0.056844104,0.43333334,5.883333,0.033333335,0.275,0.11666666666666667,3.0,5.0,5.2894735
KC,Heavy (7),run,172,-0.17656796,0.36627907,3.4011629,0.017441861,0.21511628,0.0,0.0,0.0,
KC,Stacked (8+),pass,7,,,,,,0.2857142857142857,1.0,0.0,
KC,Stacked (8+),run,29,0.19698241,0.55172414,2.689655,0.1724138,0.51724136,0.0,0.0,0.0,
LA,Light (≤5),pass,149,-0.28710765,0.3691275,4.409396,0.040268455,0.26174498,0.18120805369127516,2.0,11.0,3.2405064
LA,Light (≤5),run,59,-0.18948406,0.40677965,4.4745765,0.0,0.16949153,0.0,0.0,0.0,
LA,Standard (6),pass,333,-0.07515204,0.4204204,5.603604,0.039039038,0.2912913,0.2072072072072072,11.0,27.0,4.207254
LA,Standard (6),run,228,-0.02719821,0.3859649,4.5394735,0.00877193,0.24122807,0.0,0.0,0.0,
LA,Heavy (7),pass,140,0.015852287,0.5,7.1928573,0.028571429,0.32857144,0.15,3.0,8.0,5.7526884
LA,Heavy (7),run,120,-0.026659332,0.4,4.0583334,0.025,0.28333333,0.0,0.0,0.0,
LA,Stacked (8+),pass,13,1.0567693,0.84615386,10.0,0.30769232,0.6923077,0.07692307692307693,0.0,1.0,7.3636365
LA,Stacked (8+),run,25,0.120128304,0.48,4.24,0.12,0.4,0.0,0.0,0.0,
LA,,pass,1,,,,,,0.0,0.0,0.0,
LAC,Light (≤5),pass,184,-0.10023282,0.41847825,5.4565215,0.016304348,0.23913044,0.18478260869565216,7.0,17.0,4.8383837
LAC,Light (≤5),run,20,-0.4448521,0.25,4.35,0.0,0.1,0.0,0.0,0.0,
LAC,Standard (6),pass,271,-0.14131403,0.42435426,5.7527676,0.022140222,0.28782287,0.14022140221402213,12.0,20.0,6.3397436
LAC,Standard (6),run,248,0.019611306,0.44758064,4.770161,0.048387095,0.30241936,0.0,0.0,0.0,
LAC,Heavy (7),pass,60,0.058001827,0.4,5.133333,0.06666667,0.31666666,0.2,0.0,6.0,6.848485
LAC,Heavy (7),run,107,-0.24353498,0.317757,3.3084111,0.018691588,0.18691589,0.0,0.0,0.0,
LAC,Stacked (8+),pass,7,,,,,,0.0,0.0,0.0,
LAC,Stacked (8+),run,26,0.04181886,0.5769231,5.4615383,0.07692308,0.3846154,0.0,0.0,0.0,
LAC,,pass,27,-0.056501195,0.25925925,5.4444447,0.037037037,0.18518518,0.18518518518518517,0.0,2.0,6.0
LAC,,run,5,,,,,,0.0,0.0,0.0,
LV,Light (≤5),pass,110,0.0023349884,0.44545454,5.6454544,0.036363635,0.27272728,0.11818181818181818,2.0,5.0,5.1549296
LV,Light (≤5),run,15,0.8072805,0.6666667,7.2,0.13333334,0.6,0.0,0.0,0.0,
LV,Standard (6),pass,319,0.17754397,0.48589343,6.1755486,0.031347964,0.31034482,0.14106583072100312,3.0,17.0,4.262911
LV,Standard (6),run,209,0.04496761,0.45454547,4.5023923,0.033492822,0.29186603,0.0,0.0,0.0,
LV,Heavy (7),pass,116,-0.06123102,0.46551725,6.362069,0.05172414,0.37068966,0.1896551724137931,2.0,13.0,5.358209
LV,Heavy (7),run,236,-0.13346763,0.37711865,3.618644,0.042372882,0.22033899,0.0,0.0,0.0,
LV,Stacked (8+),pass,17,-0.38641953,0.4117647,5.1764708,0.1764706,0.4117647,0.23529411764705882,1.0,2.0,8.625
LV,Stacked (8+),run,32,-0.23945576,0.46875,3.25,0.09375,0.28125,0.0,0.0,0.0,
MIA,Light (≤5),pass,171,0.14071782,0.5146199,6.7192984,0.05263158,0.3508772,0.14619883040935672,3.0,13.0,5.339286
MIA,Light (≤5),run,13,0.4643525,0.61538464,5.6923075,0.07692308,0.46153846,0.0,0.0,0.0,
MIA,Standard (6),pass,271,0.09081782,0.4907749,6.202952,0.044280443,0.3099631,0.13284132841328414,4.0,21.0,5.2541437
MIA,Standard (6),run,203,0.075443365,0.50246304,4.950739,0.014778325,0.27586207,0.0,0.0,0.0,
MIA,Heavy (7),pass,84,-0.014449188,0.48809522,6.297619,0.035714287,0.33333334,0.15476190476190477,2.0,5.0,5.796296
MIA,Heavy (7),run,181,0.002067937,0.43093923,5.044199,0.038674034,0.24861878,0.0,0.0,0.0,
MIA,Stacked (8+),pass,29,0.766478,0.7241379,10.413794,0.1724138,0.62068963,0.10344827586206896,0.0,0.0,6.5
MIA,Stacked (8+),run,64,-0.028071284,0.34375,4.328125,0.109375,0.28125,0.0,0.0,0.0,
MIN,Light (≤5),pass,79,0.15584746,0.4177215,8.13924,0.06329114,0.3164557,0.08860759493670886,0.0,3.0,5.2941175
MIN,Light (≤5),run,28,0.06328698,0.35714287,5.464286,0.035714287,0.32142857,0.0,0.0,0.0,
MIN,Standard (6),pass,255,-0.18056749,0.39215687,5.262745,0.023529412,0.27058825,0.19607843137254902,7.0,25.0,5.1836734
MIN,Standard (6),run,272,-0.08889908,0.4117647,4.4227943,0.011029412,0.25367647,0.0,0.0,0.0,
MIN,Heavy (7),pass,142,-0.28031275,0.35915494,4.2957745,0.028169014,0.2112676,0.23943661971830985,0.0,18.0,5.3333335
MIN,Heavy (7),run,179,-0.028623967,0.46368715,3.7821229,0.039106146,0.273743,0.0,0.0,0.0,
MIN,Stacked (8+),pass,19,0.0241967,0.42105263,4.1578946,0.10526316,0.36842105,0.42105263157894735,1.0,3.0,7.875
MIN,Stacked (8+),run,41,-0.07063239,0.46341464,2.0243902,0.048780486,0.3902439,0.0,0.0,0.0,
MIN,,pass,1,,,,,,0.0,0.0,0.0,
MIN,,run,1,,,,,,0.0,0.0,0.0,
NE,Light (≤5),pass,132,0.024459919,0.4318182,6.189394,0.060606062,0.3409091,0.13636363636363635,1.0,10.0,5.0789475
NE,Light (≤5),run,13,0.13688903,0.3846154,8.076923,0.0,0.23076923,0.0,0.0,0.0,
NE,Standard (6),pass,326,-0.11989206,0.43558282,5.797546,0.036809817,0.27300614,0.16257668711656442,7.0,21.0,4.5311003
NE,Standard (6),run,164,-0.016365005,0.45731708,4.47561,0.030487806,0.29268292,0.0,0.0,0.0,
NE,Heavy (7),pass,82,-0.021947727,0.47560975,5.256098,0.048780486,0.34146342,0.18292682926829268,2.0,4.0,4.6666665
NE,Heavy (7),run,182,-0.0096196495,0.44505495,4.423077,0.016483517,0.21428572,0.0,0.0,0.0,
NE,Stacked (8+),pass,20,0.13790545,0.55,6.9,0.15,0.45,0.15,0.0,0.0,5.4166665
NE,Stacked (8+),run,43,-0.09565514,0.4651163,2.511628,0.069767445,0.3488372,0.0,0.0,0.0,
NE,,pass,2,,,,,,0.0,0.0,0.0,
NE,,run,2,,,,,,0.0,0.0,0.0,
NO,Light (≤5),pass,74,-0.04184765,0.35135135,5.3783784,0.013513514,0.2972973,0.1891891891891892,2.0,7.0,5.0
NO,Light (≤5),run,23,-0.24685526,0.3478261,4.4347825,0.0,0.2173913,0.0,0.0,0.0,
NO,Standard (6),pass,317,-0.05665776,0.42271292,5.7728705,0.050473187,0.29968455,0.15457413249211358,6.0,27.0,5.345946
NO,Standard (6),run,284,-0.052234527,0.40140846,4.3415494,0.01056338,0.23239437,0.0,0.0,0.0,
NO,Heavy (7),pass,123,-0.008205993,0.4796748,5.8617887,0.048780486,0.3089431,0.14634146341463414,2.0,10.0,5.0128207
NO,Heavy (7),run,173,-0.092226684,0.42774567,4.132948,0.040462427,0.30635837,0.0,0.0,0.0,
NO,Stacked (8+),pass,17,-0.14083335,0.47058824,5.7058825,0.23529412,0.47058824,0.058823529411764705,0.0,1.0,3.9
NO,Stacked (8+),run,18,0.008648402,0.3888889,1.4444444,0.16666667,0.2777778,0.0,0.0,0.0,
NYG,Light (≤5),pass,152,0.034255754,0.4473684,6.894737,0.019736841,0.29605263,0.13815789473684212,4.0,7.0,4.347826
NYG,Light (≤5),run,23,0.46605548,0.5217391,10.043478,0.04347826,0.3478261,0.0,0.0,0.0,
NYG,Standard (6),pass,295,-0.07189725,0.43728814,5.484746,0.037288137,0.32542372,0.15254237288135594,5.0,19.0,4.840909
NYG,Standard (6),run,222,0.19414134,0.527027,5.752252,0.045045044,0.32882884,0.0,0.0,0.0,
NYG,Heavy (7),pass,118,0.24203847,0.4915254,7.059322,0.06779661,0.3983051,0.22033898305084745,0.0,10.0,5.625
NYG,Heavy (7),run,161,0.13116628,0.47204968,5.4720497,0.055900622,0.2795031,0.0,0.0,0.0,
NYG,Stacked (8+),pass,24,0.16045885,0.45833334,6.2083335,0.16666667,0.33333334,0.20833333333333334,0.0,3.0,5.1764708
NYG,Stacked (8+),run,36,-0.0148869455,0.3888889,2.8611112,0.027777778,0.22222222,0.0,0.0,0.0,
NYG,,run,1,,,,,,0.0,0.0,0.0,
NYJ,Light (≤5),pass,93,0.20564933,0.4623656,5.860215,0.010752688,0.38709676,0.13978494623655913,0.0,7.0,5.034483
NYJ,Light (≤5),run,19,0.09183051,0.36842105,5.4210525,0.0,0.2631579,0.0,0.0,0.0,
NYJ,Standard (6),pass,305,0.18413682,0.43934426,6.6327868,0.045901638,0.3442623,0.1180327868852459,0.0,14.0,7.1153846
NYJ,Standard (6),run,193,0.079457305,0.41968912,5.134715,0.03626943,0.24352331,0.0,0.0,0.0,
NYJ,Heavy (7),pass,124,0.42889994,0.5483871,7.677419,0.12903225,0.43548387,0.056451612903225805,0.0,5.0,4.7108436
NYJ,Heavy (7),run,217,0.0048100925,0.41474655,4.368664,0.041474655,0.2718894,0.0,0.0,0.0,
NYJ,Stacked (8+),pass,20,0.44316664,0.65,7.8,0.25,0.6,0.1,0.0,0.0,5.769231
NYJ,Stacked (8+),run,82,-0.005302278,0.5365854,4.3170733,0.048780486,0.30487806,0.0,0.0,0.0,
PHI,Light (≤5),pass,155,-0.33561182,0.32258064,3.612903,0.012903226,0.21935484,0.23225806451612904,5.0,20.0,5.5066667
PHI,Light (≤5),run,24,0.28786603,0.5,6.125,0.041666668,0.33333334,0.0,0.0,0.0,
PHI,Standard (6),pass,340,-0.047632936,0.4117647,6.6941175,0.026470589,0.30588236,0.15588235294117647,5.0,20.0,5.209424
PHI,Standard (6),run,308,-0.023989927,0.45779222,4.733766,0.016233766,0.26298702,0.0,0.0,0.0,
PHI,Heavy (7),pass,74,-0.039134935,0.47297296,5.0945945,0.027027028,0.3108108,0.16216216216216217,2.0,2.0,4.3
PHI,Heavy (7),run,132,-0.09990537,0.38636363,3.628788,0.053030305,0.2651515,0.0,0.0,0.0,
PHI,Stacked (8+),pass,11,-0.18508488,0.27272728,1.3636364,0.18181819,0.18181819,0.2727272727272727,0.0,0.0,3.6666667
PHI,Stacked (8+),run,20,0.093521036,0.55,2.15,0.35,0.5,0.0,0.0,0.0,
PHI,,pass,2,,,,,,0.0,0.0,0.0,
PIT,Light (≤5),pass,134,0.0026269502,0.48507464,6.6044774,0.03731343,0.32089552,0.1791044776119403,3.0,10.0,5.012195
PIT,Light (≤5),run,9,,,,,,0.0,0.0,0.0,
PIT,Standard (6),pass,350,0.062311713,0.44,6.274286,0.04857143,0.30857143,0.16285714285714287,7.0,26.0,5.215311
PIT,Standard (6),run,202,0.02938065,0.41584158,4.569307,0.024752475,0.28217822,0.0,0.0,0.0,
PIT,Heavy (7),pass,153,0.030175023,0.47712418,6.1437907,0.05882353,0.32026145,0.16339869281045752,4.0,10.0,5.2783504
PIT,Heavy (7),run,160,-0.06608516,0.3875,4.38125,0.0125,0.24375,0.0,0.0,0.0,
PIT,Stacked (8+),pass,24,-0.33515194,0.25,5.375,0.083333336,0.20833333,0.20833333333333334,1.0,2.0,4.75
PIT,Stacked (8+),run,71,-0.0033374676,0.4084507,3.8873239,0.028169014,0.32394367,0.0,0.0,0.0,
PIT,,run,1,,,,,,0.0,0.0,0.0,
SEA,Light (≤5),pass,154,-0.31323588,0.3116883,4.090909,0.019480519,0.2012987,0.2012987012987013,4.0,12.0,4.743902
SEA,Light (≤5),run,24,0.06907145,0.33333334,6.0416665,0.0,0.25,0.0,0.0,0.0,
SEA,Standard (6),pass,374,0.03794938,0.45187166,5.617647,0.029411765,0.30748662,0.15240641711229946,10.0,23.0,5.117391
SEA,Standard (6),run,283,-0.15432,0.36395758,3.8127208,0.021201413,0.1943463,0.0,0.0,0.0,
SEA,Heavy (7),pass,101,-0.09546988,0.45544556,5.4851484,0.05940594,0.31683168,0.18811881188118812,3.0,9.0,7.125
SEA,Heavy (7),run,85,-0.056808215,0.4,3.7764707,0.023529412,0.2,0.0,0.0,0.0,
SEA,Stacked (8+),pass,22,-0.9582851,0.22727273,0.8181818,0.13636364,0.18181819,0.18181818181818182,1.0,3.0,2.142857
SEA,Stacked (8+),run,19,-0.6780877,0.42105263,1.3684211,0.05263158,0.36842105,0.0,0.0,0.0,
SF,Light (≤5),pass,145,0.026941434,0.46206897,6.4344826,0.04137931,0.3034483,0.11724137931034483,3.0,8.0,4.097826
SF,Light (≤5),run,22,0.38566172,0.6363636,6.2272725,0.045454547,0.4090909,0.0,0.0,0.0,
SF,Standard (6),pass,352,0.10533504,0.4744318,6.4460225,0.036931816,0.32954547,0.09375,2.0,9.0,4.8836207
SF,Standard (6),run,325,-0.0027625803,0.47692308,4.68,0.024615385,0.2769231,0.0,0.0,0.0,
SF,Heavy (7),pass,93,0.19743569,0.50537634,6.806452,0.06451613,0.37634408,0.07526881720430108,1.0,2.0,4.59375
SF,Heavy (7),run,66,-0.064944565,0.4848485,2.6515152,0.045454547,0.3030303,0.0,0.0,0.0,
SF,Stacked (8+),pass,13,0.63703644,0.7692308,8.923077,0.3846154,0.61538464,0.15384615384615385,0.0,1.0,4.2
SF,Stacked (8+),run,3,,,,,,0.0,0.0,0.0,
TB,Light (≤5),pass,88,0.13879415,0.57954544,6.534091,0.06818182,0.375,0.11363636363636363,1.0,6.0,4.0655737
TB,Light (≤5),run,13,-0.462905,0.15384616,3.7692308,0.0,0.07692308,0.0,0.0,0.0,
TB,Standard (6),pass,326,-0.08472436,0.4570552,6.06135,0.024539877,0.297546,0.13190184049079753,9.0,24.0,5.080808
TB,Standard (6),run,184,0.0122294,0.4293478,5.119565,0.032608695,0.27173913,0.0,0.0,0.0,
TB,Heavy (7),pass,155,0.37221187,0.5032258,8.625807,0.09677419,0.42580646,0.16774193548387098,3.0,6.0,7.4607844
TB,Heavy (7),run,140,-0.16561311,0.40714285,3.9142857,0.042857144,0.21428572,0.0,0.0,0.0,
TB,Stacked (8+),pass,35,-0.034180377,0.45714286,4.6,0.08571429,0.31428573,0.2,0.0,1.0,7.388889
TB,Stacked (8+),run,48,0.020002121,0.25,3.9375,0.083333336,0.20833333,0.0,0.0,0.0,
TB,,run,1,,,,,,0.0,0.0,0.0,
TEN,Light (≤5),pass,92,0.2908146,0.5,6.1413045,0.08695652,0.33695653,0.17391304347826086,2.0,7.0,5.293103
TEN,Light (≤5),run,7,,,,,,0.0,0.0,0.0,
TEN,Standard (6),pass,355,0.09819531,0.46478873,6.8,0.04507042,0.33521128,0.16619718309859155,4.0,31.0,5.509009
TEN,Standard (6),run,224,0.06896609,0.41517857,5.125,0.03125,0.25892857,0.0,0.0,0.0,
TEN,Heavy (7),pass,90,0.17232762,0.5222222,7.8333335,0.033333335,0.42222223,0.17777777777777778,0.0,4.0,6.016949
TEN,Heavy (7),run,157,-0.026518427,0.37579617,3.9745224,0.050955415,0.21656051,0.0,0.0,0.0,
TEN,Stacked (8+),pass,21,0.7741904,0.61904764,11.190476,0.1904762,0.47619048,0.23809523809523808,0.0,0.0,7.6
TEN,Stacked (8+),run,45,0.002084581,0.4888889,4.0444446,0.13333334,0.35555556,0.0,0.0,0.0,
WAS,Light (≤5),pass,116,0.1754815,0.44827586,7.465517,0.05172414,0.3448276,0.12931034482758622,2.0,9.0,6.1044774
WAS,Light (≤5),run,15,0.19174236,0.46666667,7.733333,0.0,0.26666668,0.0,0.0,0.0,
WAS,Standard (6),pass,315,0.22228558,0.50158733,6.9238095,0.03809524,0.37777779,0.15555555555555556,4.0,21.0,5.5416665
WAS,Standard (6),run,295,0.08993997,0.48474577,5.4,0.023728814,0.27457628,0.0,0.0,0.0,
WAS,Heavy (7),pass,125,0.15286049,0.48,6.968,0.104,0.376,0.168,2.0,10.0,8.394737
WAS,Heavy (7),run,168,0.015883837,0.42857143,4.160714,0.04761905,0.25,0.0,0.0,0.0,
WAS,Stacked (8+),pass,27,0.2824441,0.4814815,7.6296296,0.074074075,0.44444445,0.18518518518518517,0.0,2.0,7.9333334
WAS,Stacked (8+),run,11,0.32358286,0.45454547,1.5454545,0.27272728,0.54545456,0.0,0.0,0.0,
